"Rank","Name","Bye","Team","Pos","Andy","Jason","Mike","Markers"
"1","Jahmyr Gibbs","6","DET","RB","1","1","1","Fave"
"2","Bijan Robinson","11","ATL","RB","3","2","2",""
"3","Ja'Marr Chase","6","CIN","WR","2","4","3",""
"4","Christian McCaffrey","8","SF","RB","7","3","4",""
"5","Jaxon Smith-Njigba","11","SEA","WR","4","6","5",""
"6","Puka Nacua","11","LAR","WR","5","5","7",""
"7","Amon-Ra St. Brown","6","DET","WR","6","7","6",""
"8","CeeDee Lamb","14","DAL","WR","8","8","8",""
"9","Jonathan Taylor","13","IND","RB","11","9","9",""
"10","James Cook III","7","BUF","RB","9","10","11","Fave"
"11","De'Von Achane","6","MIA","RB","10","12","18",""
"12","Kenneth Walker","5","KC","RB","18","22","10","Fave"
"13","Chase Brown","6","CIN","RB","24","11","12","Fave"
"14","Justin Jefferson","6","MIN","WR","12","17","26",""
"15","A.J. Brown","11","NE","WR","16","13","29","Fave"
"16","Chris Olave","8","NO","WR","17","19","23",""
"17","Nico Collins","8","HOU","WR","13","31","22",""
"18","Josh Allen","7","BUF","QB","22","14","21",""
"19","Brock Bowers","13","LV","TE","23","15","15","Fave"
"20","Trey McBride","14","ARI","TE","20","26","17","Fave"
"21","Garrett Wilson","13","NYJ","WR","15","20","32","Fave"
"22","Drake London","11","ATL","WR","19","21","27",""
"23","George Pickens","14","DAL","WR","14","27","33",""
"24","Rashee Rice","5","KC","WR","21","18","30",""
"25","Omarion Hampton","7","LAC","RB","25","24","19","Fave"
"26","Saquon Barkley","10","PHI","RB","26","34","16",""
"27","Malik Nabers","8","NYG","WR","28","25","25",""
"28","Ashton Jeanty","13","LV","RB","47","16","20",""
"29","DeVonta Smith","10","PHI","WR","27","23","38","Fave"
"30","Zay Flowers","13","BAL","WR","29","30","35","Watch"
"31","Derrick Henry","13","BAL","RB","38","38","13",""
"32","Jaylen Waddle","10","DEN","WR","33","29","42","Fave"
"33","Jeremiyah Love","14","ARI","RB","52","43","14",""
"34","Kyren Williams","11","LAR","RB","59","32","31","Watch"
"35","Ladd McConkey","7","LAC","WR","30","28","51","Fave"
"36","Joe Burrow","6","CIN","QB","48","42","28",""
"37","Breece Hall","13","NYJ","RB","31","46","37","Watch"
"38","Emeka Egbuka","10","TB","WR","35","36","44","Fave"
"39","D'Andre Swift","10","CHI","RB","40","53","24","Watch"
"40","Tetairoa McMillan","5","CAR","WR","44","33","43","Watch"
"41","Lamar Jackson","13","BAL","QB","46","45","34","Fave"
"42","Tee Higgins","6","CIN","WR","36","39","46","Watch"
"43","Carnell Tate","9","TEN","WR","43","35","53","Fave"
"44","Davante Adams","11","LAR","WR","42","44","48",""
"45","Javonte Williams","14","DAL","RB","53","51","36","Fave"
"46","Luther Burden III","10","CHI","WR","32","49","54","Watch"
"47","Christian Watson","11","GB","WR","50","48","50","Fave"
"48","Travis Etienne Jr.","8","NO","RB","54","54","45",""
"49","Parker Washington","7","JAX","WR","45","52","52","Fave"
"50","Bucky Irving","10","TB","RB","60","56","40",""
"51","Cam Skattebo","8","NYG","RB","51","66","41",""
"52","Terry McLaurin","7","WAS","WR","49","50","57","Watch"
"53","Jameson Williams","6","DET","WR","39","57","58","Fave"
"54","DJ Moore","7","BUF","WR","37","47","72",""
"55","Bhayshul Tuten","7","JAX","RB","61","65","39","Watch"
"56","Mike Evans","8","SF","WR","69","41","56",""
"57","Rome Odunze","10","CHI","WR","41","55","76",""
"58","Marvin Harrison Jr.","14","ARI","WR","34","58","82",""
"59","DK Metcalf","9","PIT","WR","56","64","69",""
"60","Tyler Warren","13","IND","TE","63","37","86","Watch"
"61","Colston Loveland","10","CHI","TE","64","40","89",""
"62","Alec Pierce","13","IND","WR","55","69","66",""
"63","Brian Thomas Jr.","7","JAX","WR","57","61","78","Watch"
"64","Quinshon Judkins","11","CLE","RB","58","75","60",""
"65","Drake Maye","11","NE","QB","71","59","64",""
"66","TreVeyon Henderson","11","NE","RB","74","60","63",""
"67","Jadarian Price","11","SEA","RB","66","62","80",""
"68","David Montgomery","8","HOU","RB","77","73","47","Watch"
"69","Chris Godwin Jr.","10","TB","WR","73","68","62","Watch"
"70","MarShawn Lloyd","11","GB","RB","80","83","49","Watch"
"71","Rhamondre Stevenson","11","NE","RB","62","81","79","Watch"
"72","Quentin Johnston","7","LAC","WR","68","100","61","Watch"
"73","Michael Pittman Jr.","9","PIT","WR","72","67","84",""
"74","Michael Wilson","14","ARI","WR","70","92","75",""
"75","Rico Dowdle","9","PIT","RB","67","129","59",""
"76","Wan'Dale Robinson","9","TEN","WR","65","89","93",""
"77","Harold Fannin Jr.","11","CLE","TE","93","63","92",""
"78","Jayden Daniels","7","WAS","QB","107","76","68",""
"79","Dak Prescott","14","DAL","QB","110","72","67","Watch"
"80","Jalen Hurts","10","PHI","QB","104","78","70","Watch"
"81","Caleb Williams","10","CHI","QB","103","74","73","Fave"
"82","Trevor Lawrence","7","JAX","QB","105","79","71","Watch"
"83","Stefon Diggs","7","WAS","WR","82","118","65","Watch"
"84","Courtland Sutton","10","DEN","WR","86","90","83",""
"85","Kenny Gainwell","10","TB","RB","76","108","81","Watch"
"86","Jaylen Warren","9","PIT","RB","79","97","90",""
"87","Jordan Addison","6","MIN","WR","84","95","85",""
"88","De'Zhaun Stribling","8","SF","WR","94","107","74","Watch"
"89","Tucker Kraft","11","GB","TE","75","105","98",""
"90","Jacory Croskey-Merritt","7","WAS","RB","85","119","77","Watch"
"91","Jayden Reed","11","GB","WR","108","71","104",""
"92","George Kittle","8","SF","TE","89","109","87",""
"93","Chuba Hubbard","5","CAR","RB","96","106","94",""
"94","J.K. Dobbins","10","DEN","RB","129","124","55","Watch"
"95","Tony Pollard","9","TEN","RB","97","114","91",""
"96","Josh Downs","13","IND","WR","78","113","117",""
"97","Jonathon Brooks","5","CAR","RB","81","149","88","Watch"
"98","Jakobi Meyers","7","JAX","WR","83","128","121",""
"99","Justin Herbert","7","LAC","QB","148","77","100",""
"100","Jared Goff","6","DET","QB","135","85","99",""
"101","Jaxson Dart","8","NYG","QB","133","80","109",""
"102","Romeo Doubs","11","NE","WR","91","130","114",""
"103","Brock Purdy","8","SF","QB","139","82","102",""
"104","Matthew Stafford","11","LAR","QB","142","84","95",""
"105","Sam LaPorta","6","DET","TE","115","93","115",""
"106","Khalil Shakir","7","BUF","WR","88","122","124",""
"107","KC Concepcion","11","CLE","WR","95","96","133","Watch"
"108","Bo Nix","10","DEN","QB","132","88","108","Watch"
"109","Kyle Monangai","10","CHI","RB","102","123","107",""
"110","Makai Lemon","10","PHI","WR","113","70","135","Watch"
"111","Jordan Mason","6","MIN","RB","92","143","113","Fave"
"112","Xavier Worthy","5","KC","WR","100","112","122",""
"113","Jordan Love","11","GB","QB","144","91","106",""
"114","Baker Mayfield","10","TB","QB","149","86","110",""
"115","Malik Washington","6","MIA","WR","121","111","96",""
"116","Jalen Coker","5","CAR","WR","120","94","123",""
"117","Patrick Mahomes","5","KC","QB","143","87","120",""
"118","Tyler Shough","8","NO","QB","153","98","105",""
"119","Rashid Shaheed","11","SEA","WR","112","104","125",""
"120","Rachaad White","7","WAS","RB","106","146","111","Watch"
"121","Matthew Golden","11","GB","WR","98","101","147",""
"122","Kyler Murray","6","MIN","QB","141","99","118",""
"123","Kayshon Boutte","8","HOU","WR","127","116","112",""
"124","Kyle Pitts Sr.","11","ATL","TE","109","102","138",""
"125","Keenan Allen","13","IND","WR","146","117","101",""
"126","Blake Corum","11","LAR","RB","87","153","132","Watch"
"127","RJ Harvey","10","DEN","RB","150","110","116",""
"128","Juwan Johnson","8","NO","TE","117","125","136",""
"129","Jordyn Tyson","8","NO","WR","122","103","156","Watch"
"130","Travis Kelce","5","KC","TE","147","121","127",""
"131","Tre Tucker","13","LV","WR","130","163","97",""
"132","Aaron Jones Sr.","6","MIN","RB","155","135","126",""
"133","Malik Willis","6","MIA","QB","154","139","128",""
"134","Jake Ferguson","14","DAL","TE","119","132","151",""
"135","Dalton Schultz","8","HOU","TE","145","133","137",""
"136","Sam Darnold","11","SEA","QB","175","141","119",""
"137","Dallas Goedert","10","PHI","TE","124","148","141",""
"138","Dalton Kincaid","7","BUF","TE","158","120","139",""
"139","Cam Ward","9","TEN","QB","176","115","131",""
"140","Isaiah Likely","8","NYG","TE","128","137","154","Watch"
"141","Tyjae Spears","9","TEN","RB","90","175","153",""
"142","C.J. Stroud","8","HOU","QB","167","136","129",""
"143","Omar Cooper Jr.","13","NYJ","WR","134","126","174",""
"144","Daniel Jones","13","IND","QB","201","127","130",""
"145","Deebo Samuel Sr.","8","SF","WR","157","142","143",""
"146","Brenton Strange","7","JAX","TE","179","131","149",""
"147","Denzel Boston","11","CLE","WR","101","195","157",""
"148","Dontayvion Wicks","10","PHI","WR","156","156","145","Watch"
"149","Aaron Rodgers","9","PIT","QB","193","140","146",""
"150","Bryce Young","5","CAR","QB","170","151","152",""
"151","Mark Andrews","13","BAL","TE","200","134","159",""
"152","Pat Bryant","10","DEN","WR","162","145","171",""
"153","Jalen Nailor","13","LV","WR","123","157","186",""
"154","Woody Marks","8","HOU","RB","140","159","178",""
"155","Hunter Henry","11","NE","TE","178","161","148",""
"156","Geno Smith","13","NYJ","QB","192","152","158",""
"157","Chig Okonkwo","7","WAS","TE","182","160","162",""
"158","Chris Rodriguez Jr.","7","JAX","RB","160","190","144",""
"159","Travis Hunter","7","JAX","WR","99","192","196",""
"160","Cooper Kupp","11","SEA","WR","183","147","188",""
"161","Jerry Jeudy","11","CLE","WR","191","154","175",""
"162","DeMario Douglas","11","NE","WR","125","193","183",""
"163","Malachi Fields","8","NYG","WR","151","144","229",""
"164","Keaton Mitchell","7","LAC","RB","172","180","170","Watch"
"165","Adonai Mitchell","13","NYJ","WR","168","155","197",""
"166","Ja'Kobi Lane","13","BAL","WR","165","185","172",""
"167","Tank Dell","8","HOU","WR","213","229","103",""
"168","Germie Bernard","9","PIT","WR","197","171","169",""
"169","Zach Charbonnet","11","SEA","RB","187","150","205","Watch"
"170","Cyrus Allen","5","KC","WR","190","166","179",""
"171","Tyler Allgeier","14","ARI","RB","173","209","150","Watch"
"172","Dylan Sampson","11","CLE","RB","181","169","182",""
"173","Kyle Williams","11","NE","WR","163","199","177",""
"174","Calvin Ridley","9","TEN","WR","174","194","173",""
"175","T.J. Hockenson","6","MIN","TE","224","165","166",""
"176","Mike Washington Jr.","13","LV","RB","218","177","164",""
"177","Greg Dulcich","6","MIA","TE","180","207","161",""
"178","Chris Bell","6","MIA","WR","114","213","204",""
"179","Kenyon Sadiq","13","NYJ","TE","231","167","160",""
"180","Jonah Coleman","10","DEN","RB","136","158","253",""
"181","Tre' Harris","7","LAC","WR","138","164","244",""
"182","Keon Coleman","7","BUF","WR","195","176","187",""
"183","Tyrone Tracy Jr.","8","NYG","RB","111","223","201","Watch"
"184","Pat Freiermuth","9","PIT","TE","204","184","176",""
"185","Jack Bech","13","LV","WR","126","202","217",""
"186","Zachariah Branch","11","ATL","WR","210","138","233",""
"187","Ryan Flournoy","14","DAL","WR","196","208","165",""
"188","Jacoby Brissett","14","ARI","QB","177","251","134",""
"189","Cade Otton","10","TB","TE","215","179","180",""
"190","Tank Bigsby","10","PHI","RB","131","197","231","Watch"
"191","Alvin Kamara","8","NO","RB","171","183","207",""
"192","Caleb Douglas","6","MIA","WR","212","172","194","Watch"
"193","Najee Harris","8","NYG","RB","259","186","155",""
"194","Tua Tagovailoa","11","ATL","QB","306","174","142",""
"195","Brian Robinson","11","ATL","RB","223","181","202","Watch"
"196","Devaughn Vele","8","NO","WR","254","211","168",""
"197","AJ Barner","11","SEA","TE","185","231","190",""
"198","Jaylin Noel","8","HOU","WR","234","189","195",""
"199","Darius Slayton","8","NYG","WR","188","239","184",""
"200","Chris Brooks","11","GB","RB","159","227","215",""
"201","Oronde Gadsden","7","LAC","TE","257","210","167",""
"202","Rashod Bateman","13","BAL","WR","199","191","236",""
"203","Jalen Tolbert","6","MIA","WR","217","248","163",""
"204","Tory Horton","11","SEA","WR","164","224","222",""
"205","Malik Davis","14","DAL","RB","205","170","258",""
"206","Jauan Jennings","6","MIN","WR","118","162","311",""
"207","Isaac TeSlaa","6","DET","WR","189","218","214",""
"208","David Njoku","7","LAC","TE","253","204","185",""
"209","Jalen McMillan","10","TB","WR","198","246","181",""
"210","Antonio Williams","7","WAS","WR","203","201","228",""
"211","Mike Gesicki","6","CIN","TE","271","182","192",""
"212","Ted Hurst III","10","TB","WR","207","173","261",""
"213","Darren Waller","5","CAR","TE","232","168","234",""
"214","Kimani Vidal","7","LAC","RB","186","226","218",""
"215","Jordan James","8","SF","RB","116","206","297",""
"216","Justice Hill","13","BAL","RB","211","222","203",""
"217","Colby Parkinson","11","LAR","TE","214","200","223",""
"218","Troy Franklin","10","DEN","WR","166","221","246",""
"219","Isiah Pacheco","6","DET","RB","230","219","193","Watch"
"220","Cole Kmet","10","CHI","TE","260","212","191",""
"221","Samaje Perine","6","CIN","RB","169","217","262",""
"222","Emmett Johnson","5","KC","RB","243","203","211",""
"223","Elic Ayomanor","9","TEN","WR","161","235","255",""
"224","Deshaun Watson","11","CLE","QB","299","240","140",""
"225","Andrei Iosivas","6","CIN","WR","262","187","220",""
"226","Gunnar Helm","9","TEN","TE","219","198","260",""
"227","Tyquan Thornton","5","KC","WR","226","225","213",""
"228","Tez Johnson","10","TB","WR","206","220","251",""
"229","Nicholas Singleton","9","TEN","RB","241","178","263",""
"230","Shedeur Sanders","11","CLE","QB","304","188","198",""
"231","Evan Engram","10","DEN","TE","236","233","200",""
"232","Darnell Mooney","8","NYG","WR","202","205","279",""
"233","Ty Johnson","7","BUF","RB","222","216","249",""
"234","Chimere Dike","9","TEN","WR","152","260","265",""
"235","LeQuint Allen Jr.","7","JAX","RB","209","247","225",""
"236","Terrance Ferguson","11","LAR","TE","292","196","227",""
"237","Jahan Dotson","11","ATL","WR","284","214","224",""
"238","Charlie Kolar","7","LAC","TE","291","215","221",""
"239","Mason Taylor","13","NYJ","TE","248","254","208",""
"240","James Conner","14","ARI","RB","244","238","230",""
"241","Michael Mayer","13","LV","TE","265","255","199",""
"242","Christian Kirk","8","SF","WR","263","234","226",""
"243","Dawson Knox","7","BUF","TE","268","241","219",""
"244","Braelon Allen","13","NYJ","RB","184","252","286",""
"245","Isaiah Davis","13","NYJ","RB","229","230","273",""
"246","Luke Musgrave","11","GB","TE","308","250","189",""
"247","Kaelon Black","8","SF","RB","264","261","216",""
"248","Fernando Mendoza","13","LV","QB","272","243","243",""
"249","Malik Benson","13","LV","WR","137","293","284",""
"250","Ja'Tavion Sanders","5","CAR","TE","288","237","235",""
"251","Jerome Ford","","","RB","303","244","212",""
"252","Kalif Raymond","10","CHI","WR","246","269","238",""
"253","Roman Wilson","9","PIT","WR","238","266","248",""
"254","Xavier Hutchinson","8","HOU","WR","194","300","206",""
"255","Brashard Smith","5","KC","RB","258","256","250",""
"256","Marvin Mims Jr.","10","DEN","WR","225","285","247",""
"257","Theo Johnson","8","NYG","TE","242","280","242",""
"258","Jordan Whittington","11","LAR","WR","277","262","232",""
"259","Mack Hollins","11","NE","WR","221","267","280",""
"260","Treylon Burks","7","WAS","WR","227","273","268",""
"261","Ray Davis","7","BUF","RB","286","253","245",""
"262","Kaleb Johnson","11","GB","RB","276","228","283",""
"263","Eli Stowers","10","PHI","TE","266","275","241",""
"264","Kendrick Bourne","14","ARI","WR","220","259","289",""
"265","Kirk Cousins","13","LV","QB","269","265","259",""
"266","Michael Penix Jr.","11","ATL","QB","251","298","210",""
"267","Dont'e Thornton Jr.","13","LV","WR","249","277","270",""
"268","Noah Gray","5","KC","TE","293","288","209",""
"269","DJ Giddens","13","IND","RB","270","257","269",""
"270","Brenen Thompson","7","LAC","WR","228","295","254",""
"271","Xavier Legette","5","CAR","WR","301","242","267",""
"272","Emanuel Wilson","11","SEA","RB","252","291","256",""
"273","Elijah Sarratt","13","BAL","WR","283","272","264",""
"274","Jaylen Wright","6","MIA","RB","300","249","275",""
"275","Darnell Washington","9","PIT","TE","296","263","266",""
"276","Max Klare","11","LAR","TE","305","270","257",""
"277","Emari Demercado","14","DAL","RB","235","282","290",""
"278","Devin Singletary","8","NYG","RB","274","279","278",""
"279","Kaytron Allen","7","WAS","RB","208","278","310",""
"280","Tutu Atwell","11","LAR","WR","267","283","271",""
"281","Devontez Walker","13","BAL","WR","287","274","276",""
"282","Elijah Arroyo","11","SEA","TE","240","292","277",""
"283","George Holani","11","SEA","RB","245","304","237",""
"284","Demond Claiborne","6","MIN","RB","302","245","291",""
"285","Sean Tucker","10","TB","RB","256","271","301",""
"286","Josh Jacobs","11","GB","RB","273","264","298",""
"287","Trevor Etienne","5","CAR","RB","309","236","294",""
"288","Hollywood Brown","10","PHI","WR","247","287","299",""
"289","Ben Sinnott","7","WAS","TE","290","268","293",""
"290","Ollie Gordon II","6","MIA","RB","295","281","281",""
"291","Cedric Tillman","8","NO","WR","285","290","274",""
"292","Olamide Zaccheaus","11","ATL","WR","216","301","285",""
"293","Jacob Saylors","6","DET","RB","282","258","305",""
"294","Devin Neal","","","RB","237","302","272",""
"295","Chris Brazzell II","5","CAR","WR","289","311","239",""
"296","Noah Fant","8","NO","TE","294","276","302",""
"297","Will Shipley","10","PHI","RB","233","294","308",""
"298","Adam Randall","13","BAL","RB","281","284","307",""
"299","Tommy Tremble","5","CAR","TE","298","312","252",""
"300","Calvin Austin III","8","NYG","WR","250","305","288",""
"301","Skyler Bell","7","BUF","WR","307","313","240",""
"302","Van Jefferson","","","WR","239","303","296",""
"303","Jaylin Lane","7","WAS","WR","275","308","282",""
"304","Carson Beck","14","ARI","QB","311","232","312",""
"305","Seth McGowan","13","IND","RB","278","296","303",""
"306","Tahj Brooks","6","CIN","RB","310","286","295",""
"307","Jake Tonges","8","SF","TE","279","309","287",""
"308","Zavion Thomas","10","CHI","WR","297","289","313",""
"309","AJ Dillon","5","CAR","RB","261","307","306",""
"310","Jaydon Blue","10","PHI","RB","280","310","304",""
"311","Bryce Lance","8","NO","WR","255","306","316",""
"312","Justin Joly","6","MIA","TE","314","316","292",""
"313","Nate Boerkircher","7","JAX","TE","313","315","300",""
"314","Kendrick Law","6","DET","WR","316","297","314",""
"315","Oscar Delp","8","NO","TE","315","299","315",""
"316","Audric Estimé","8","NO","RB","312","314","309",""