espn_rank,name,team,position
1,Jahmyr Gibbs,DET,RB
2,Ja'Marr Chase,CIN,WR
3,Jaxon Smith-Njigba,SEA,WR
4,Amon-Ra St. Brown,DET,WR
5,Bijan Robinson,ATL,RB
6,Puka Nacua,LAR,WR
7,CeeDee Lamb,DAL,WR
8,Josh Allen,BUF,QB
9,Christian McCaffrey,SF,RB
10,Jonathan Taylor,IND,RB
11,Justin Jefferson,MIN,WR
12,James Cook III,BUF,RB
13,Trey McBride,ARI,TE
14,Brock Bowers,LV,TE
15,De'Von Achane,MIA,RB
16,Saquon Barkley,PHI,RB
17,Brandon Aubrey,DAL,K
18,Derrick Henry,BAL,RB
19,Lamar Jackson,BAL,QB
20,Drake London,ATL,WR
21,George Pickens,DAL,WR
22,A.J. Brown,NE,WR
23,Nico Collins,HOU,WR
24,Ashton Jeanty,LV,RB
25,Colston Loveland,CHI,TE
26,Kenneth Walker III,KC,RB
27,Omarion Hampton,LAC,RB
28,Chase Brown,CIN,RB
29,Rashee Rice,KC,WR
30,Jeremiyah Love,ARI,RB
31,Drake Maye,NE,QB
32,Chris Olave,NO,WR
33,DeVonta Smith,PHI,WR
34,Tyler Warren,IND,TE
35,Malik Nabers,NYG,WR
36,Jayden Daniels,WSH,QB
37,Garrett Wilson,NYJ,WR
38,Javonte Williams,DAL,RB
39,Texans D/ST,HOU,D/ST
40,Cameron Dicker,LAC,K
41,Breece Hall,NYJ,RB
42,Tetairoa McMillan,CAR,WR
43,Kyren Williams,LAR,RB
44,Davante Adams,LAR,WR
45,Cam Skattebo,NYG,RB
46,Broncos D/ST,DEN,D/ST
47,Zay Flowers,BAL,WR
48,Jalen Hurts,PHI,QB
49,Jason Myers,SEA,K
50,Seahawks D/ST,SEA,D/ST
51,Travis Etienne Jr.,NO,RB
52,Emeka Egbuka,TB,WR
53,Joe Burrow,CIN,QB
54,Ladd McConkey,LAC,WR
55,Rams D/ST,LAR,D/ST
56,Tee Higgins,CIN,WR
57,Jaylen Waddle,DEN,WR
58,Quinshon Judkins,CLE,RB
59,Kyle Pitts Sr.,ATL,TE
60,Bucky Irving,TB,RB
61,Steelers D/ST,PIT,D/ST
62,Terry McLaurin,WSH,WR
63,Sam LaPorta,DET,TE
64,D'Andre Swift,CHI,RB
65,Jameson Williams,DET,WR
66,DJ Moore,BUF,WR
67,Harold Fannin Jr.,CLE,TE
68,Ka'imi Fairbairn,HOU,K
69,Rome Odunze,CHI,WR
70,David Montgomery,HOU,RB
71,Jaxson Dart,NYG,QB
72,Jadarian Price,SEA,RB
73,Dak Prescott,DAL,QB
74,Josh Jacobs,GB,RB
75,George Kittle,SF,TE
76,Bhayshul Tuten,JAX,RB
77,Matthew Stafford,LAR,QB
78,Carnell Tate,TEN,WR
79,Harrison Mevis,LAR,K
80,Luther Burden III,CHI,WR
81,TreVeyon Henderson,NE,RB
82,Courtland Sutton,DEN,WR
83,DK Metcalf,PIT,WR
84,Marvin Harrison Jr.,ARI,WR
85,Justin Herbert,LAC,QB
86,Caleb Williams,CHI,QB
87,Tucker Kraft,GB,TE
88,Travis Kelce,KC,TE
89,Rhamondre Stevenson,NE,RB
90,Mike Evans,SF,WR
91,Ravens D/ST,BAL,D/ST
92,Dallas Goedert,PHI,TE
93,Michael Pittman Jr.,PIT,WR
94,Jaylen Warren,PIT,RB
95,Tony Pollard,TEN,RB
96,Christian Watson,GB,WR
97,Bo Nix,DEN,QB
98,Trevor Lawrence,JAX,QB
99,Cam Little,JAX,K
100,Rico Dowdle,PIT,RB
101,Parker Washington,JAX,WR
102,Eagles D/ST,PHI,D/ST
103,Patrick Mahomes,KC,QB
104,Jake Ferguson,DAL,TE
105,Michael Wilson,ARI,WR
106,Alec Pierce,IND,WR
107,Matthew Golden,GB,WR
108,Kenny Gainwell,TB,RB
109,Brock Purdy,SF,QB
110,Eddy Pineiro,SF,K
111,Chuba Hubbard,CAR,RB
112,Brian Thomas Jr.,JAX,WR
113,J.K. Dobbins,DEN,RB
114,Jonathon Brooks,CAR,RB
115,Wan'Dale Robinson,TEN,WR
116,Mark Andrews,BAL,TE
117,Stefon Diggs,WSH,WR
118,Aaron Jones Sr.,MIN,RB
119,Isaiah Likely,NYG,TE
120,Harrison Butker,KC,K
121,Jordan Addison,MIN,WR
122,Jakobi Meyers,JAX,WR
123,Kyle Monangai,CHI,RB
124,Blake Corum,LAR,RB
125,Xavier Worthy,KC,WR
126,RJ Harvey,DEN,RB
127,Chris Godwin Jr.,TB,WR
128,MarShawn Lloyd,GB,RB
129,Quentin Johnston,LAC,WR
130,Makai Lemon,PHI,WR
131,Dalton Kincaid,BUF,TE
132,Rachaad White,WSH,RB
133,Travis Hunter,JAX,"WR, CB"
134,Jake Bates,DET,K
135,Jayden Reed,GB,WR
136,Jacory Croskey-Merritt,WSH,RB
137,Josh Downs,IND,WR
138,Lions D/ST,DET,D/ST
139,Khalil Shakir,BUF,WR
140,Patriots D/ST,NE,D/ST
141,Deebo Samuel Sr.,SF,WR
142,Jared Goff,DET,QB
143,Jordan Mason,MIN,RB
144,Kyler Murray,MIN,QB
145,KC Concepcion,CLE,WR
146,T.J. Hockenson,MIN,TE
147,Romeo Doubs,NE,WR
148,De'Zhaun Stribling,SF,WR
149,Woody Marks,HOU,RB
150,Browns D/ST,CLE,D/ST
151,Baker Mayfield,TB,QB
152,Hunter Henry,NE,TE
153,Zach Charbonnet,SEA,RB
154,Jaguars D/ST,JAX,D/ST
155,Chargers D/ST,LAC,D/ST
156,Tyjae Spears,TEN,RB
157,Tyler Loop,BAL,K
158,Jalen Coker,CAR,WR
159,Tyler Shough,NO,QB
160,Kenyon Sadiq,NYJ,TE
161,Rashid Shaheed,SEA,WR
162,Juwan Johnson,NO,TE
163,Jordan Love,GB,QB
164,Jordyn Tyson,NO,WR
165,Alvin Kamara,NO,RB
166,Isiah Pacheco,DET,RB
167,Mike Washington Jr.,LV,RB
168,Chris Boswell,PIT,K
169,Chiefs D/ST,KC,D/ST
170,Daniel Jones,IND,QB
171,Tyler Allgeier,ARI,RB
172,Tank Dell,HOU,WR
173,Cairo Santos,CHI,K
174,Will Reichard,MIN,K
175,Jalen McMillan,TB,WR
176,Chris Rodriguez Jr.,JAX,RB
177,Jerry Jeudy,CLE,WR
178,Keenan Allen,IND,WR
179,Brian Robinson Jr.,ATL,RB
180,Tre Tucker,LV,WR
181,Sam Darnold,SEA,QB
182,Denzel Boston,CLE,WR
183,Terrance Ferguson,LAR,TE
184,Calvin Ridley,TEN,WR
185,Brenton Strange,JAX,TE
186,C.J. Stroud,HOU,QB
187,Jonah Coleman,DEN,RB
188,Malik Willis,MIA,QB
189,Keaton Mitchell,LAC,RB
190,Evan McPherson,CIN,K
191,Tank Bigsby,PHI,RB
192,Justice Hill,BAL,RB
193,Dalton Schultz,HOU,TE
194,Dylan Sampson,CLE,RB
195,Ja'Kobi Lane,BAL,WR
196,Packers D/ST,GB,D/ST
197,Chase McLaughlin,TB,K
198,Adonai Mitchell,NYJ,WR
199,Caleb Douglas,MIA,WR
200,Pat Freiermuth,PIT,TE
201,Trey Smack,GB,K
202,Vikings D/ST,MIN,D/ST
203,Buccaneers D/ST,TB,D/ST
204,Kayshon Boutte,HOU,WR
205,Jalen Nailor,LV,WR
206,Braelon Allen,NYJ,RB
207,Cowboys D/ST,DAL,D/ST
208,Cooper Kupp,SEA,WR
209,Kaleb Johnson,GB,RB
210,Najee Harris,NYG,RB
211,Devaughn Vele,NO,WR
212,Kaelon Black,SF,RB
213,Bryce Young,CAR,QB
214,Bears D/ST,CHI,D/ST
215,Ray Davis,BUF,RB
216,Dontayvion Wicks,PHI,WR
217,Cam Ward,TEN,QB
218,Fernando Mendoza,LV,QB
219,Rashod Bateman,BAL,WR
220,Jaylin Noel,HOU,WR
221,Jauan Jennings,MIN,WR
222,Chig Okonkwo,WSH,TE
223,Tyrone Tracy Jr.,NYG,RB
224,Jake Elliott,PHI,K
225,Malik Washington,MIA,WR
226,Samaje Perine,CIN,RB
227,49ers D/ST,SF,D/ST
228,Aaron Rodgers,PIT,QB
229,AJ Barner,SEA,TE
230,Chris Brooks,GB,RB
231,Germie Bernard,PIT,WR
232,Omar Cooper Jr.,NYJ,WR
233,Jayden Higgins,HOU,WR
234,Wil Lutz,DEN,K
235,Titans D/ST,TEN,D/ST
236,Gunnar Helm,TEN,TE
237,Emmett Johnson,KC,RB
238,Tyler Bass,BUF,K
239,David Njoku,LAC,TE
240,Zachariah Branch,ATL,WR
241,Ricky Pearsall,SF,WR
242,Cyrus Allen,KC,WR
243,Bills D/ST,BUF,D/ST
244,Jacoby Brissett,ARI,QB
245,Nick Folk,ATL,K
246,Malachi Fields,NYG,WR
247,Tre' Harris,LAC,WR
248,Odell Beckham Jr.,NYG,WR
249,Ryan Flournoy,DAL,WR
250,George Holani,SEA,RB
251,Geno Smith,NYJ,QB
252,Jets D/ST,NYJ,D/ST
253,Saints D/ST,NO,D/ST
254,Oronde Gadsden,LAC,TE
255,Greg Dulcich,MIA,TE
256,Isaac TeSlaa,DET,WR
257,Kimani Vidal,LAC,RB
258,Tyreek Hill,FA,WR
259,Jordan James,SF,RB
260,Darren Waller,CAR,TE
261,James Conner,ARI,RB
262,Chris Bell,MIA,WR
263,Evan Engram,DEN,TE
264,Kirk Cousins,LV,QB
265,Andy Borregales,NE,K
266,Malik Davis,DAL,RB
267,Giants D/ST,NYG,D/ST
268,Jaylen Wright,MIA,RB
269,Colts D/ST,IND,D/ST
270,Cade Otton,TB,TE
271,Antonio Williams,WSH,WR
272,Shedeur Sanders,CLE,QB
273,Bengals D/ST,CIN,D/ST
274,Spencer Shrader,IND,K
275,Keon Coleman,BUF,WR
276,Darnell Mooney,NYG,WR
277,Xavier Legette,CAR,WR
278,Pat Bryant,DEN,WR
279,Deshaun Watson,CLE,QB
280,Jake Tonges,SF,TE
281,Dominic Zvada,NYG,K
282,Nicholas Singleton,TEN,RB
283,Jacob Saylors,DET,RB
284,Ty Johnson,BUF,RB
285,Raiders D/ST,LV,D/ST
286,Tua Tagovailoa,ATL,QB
287,Matt Gay,LV,K
288,KaVontae Turpin,DAL,WR
289,Mike Gesicki,CIN,TE
290,Ollie Gordon II,MIA,RB
291,Darnell Washington,PIT,TE
292,Jaydon Blue,FA,RB
293,Roschon Johnson,CHI,RB
294,Zavion Thomas,CHI,WR
295,Daniel Carlson,NO,K
296,Troy Franklin,DEN,WR
297,Kaytron Allen,WSH,RB
298,Darius Slayton,NYG,WR
299,Falcons D/ST,ATL,D/ST
300,Colby Parkinson,LAR,TE
301,Chimere Dike,TEN,WR
302,Jahan Dotson,ATL,WR
303,Brandon Aiyuk,SF,WR
304,Panthers D/ST,CAR,D/ST
305,Michael Mayer,LV,TE
306,Commanders D/ST,WSH,D/ST
307,Michael Penix Jr.,ATL,QB
308,Jack Bech,LV,WR
309,Jalen Tolbert,MIA,WR
310,DeMario Douglas,NE,WR
311,Tyquan Thornton,KC,WR
312,Ted Hurst III,TB,WR
313,Sean Tucker,TB,RB
314,Marvin Mims Jr.,DEN,WR
315,Dawson Knox,BUF,TE
316,Carson Beck,ARI,QB
317,Cole Kmet,CHI,TE
318,Joey Slye,TEN,K
319,Seth McGowan,IND,RB
320,Demond Claiborne,MIN,RB
321,Isaiah Davis,NYJ,RB
322,Tory Horton,SEA,WR
323,J.J. McCarthy,MIN,QB
324,Skyler Bell,BUF,WR
325,Emari Demercado,DAL,RB
326,Ryan Fitzgerald,CAR,K
327,Christian Kirk,SF,WR
328,Dolphins D/ST,MIA,D/ST
329,Kendre Miller,NO,RB
330,Adam Randall,BAL,RB
331,Brashard Smith,KC,RB
332,Xavier Hutchinson,HOU,WR
333,Blake Grupe,NYJ,K
334,LeQuint Allen Jr.,JAX,RB
335,Will Shipley,PHI,RB
336,Eli Stowers,PHI,TE
337,Charlie Smyth,FA,K
338,Andrei Iosivas,CIN,WR
339,Hollywood Brown,PHI,WR
340,Drew Stevens,WSH,K
341,Emanuel Wilson,SEA,RB
342,Theo Johnson,NYG,TE
343,DJ Giddens,IND,RB
344,Trevor Etienne,CAR,RB
345,Mason Taylor,NYJ,TE
346,Justin Fields,KC,QB
347,Elijah Arroyo,SEA,TE
348,Andre Szmyt,CLE,K
349,Jason Sanders,NYJ,K
350,Justin Tucker,FA,K
351,Ty Simpson,LAR,QB
352,Riley Patterson,MIA,K
353,Tyler Higbee,LAR,TE
354,Devin Singletary,NYG,RB
355,Kyle Williams,NE,WR
356,Kyle Juszczyk,SF,RB
357,Tutu Atwell,LAR,WR
358,Kareem Hunt,FA,RB
359,Chad Ryland,ARI,K
360,Cardinals D/ST,ARI,D/ST
361,Luke McCaffrey,WSH,WR
362,Joe Flacco,CIN,QB
363,Philip Rivers,IND,QB
364,Savion Williams,GB,WR
365,Drew Allar,PIT,QB
366,Younghoe Koo,FA,K
367,Mack Hollins,NE,WR
368,Jameis Winston,NYG,QB
369,Elijah Sarratt,BAL,WR
370,Tahj Brooks,CIN,RB
371,Noah Gray,KC,TE
372,Mac Jones,SF,QB
373,Sione Vaki,DET,RB
374,Trey Benson,ARI,RB
375,Eli Raridon,NE,TE
376,Eli Heidenreich,PIT,RB
377,Isaac Guerendo,SF,RB
378,Jake Moody,FA,K
379,Bam Knight,ARI,RB
380,Ja'Tavion Sanders,CAR,TE
381,Erick All Jr.,CIN,TE
382,Bryce Lance,NO,WR
383,Nick Chubb,FA,RB
384,Ben Sauls,NYG,K
385,Joshua Palmer,BUF,WR
386,Rasheen Ali,BAL,RB
387,Dylan Laube,LV,RB
388,Tyler Badie,DEN,RB
389,Jonnu Smith,GB,TE
390,Ashton Dulin,IND,WR
391,Anthony Richardson Sr.,IND,QB
392,Kalif Raymond,CHI,WR
393,Tez Johnson,TB,WR
394,Barion Brown,NO,WR
395,Kaden Wetjen,PIT,WR
396,Kevin Coleman Jr.,MIA,WR
397,Tommy DeVito,NE,QB
398,Isaiah Bond,CLE,WR
399,Colbie Young,CIN,WR
400,Roman Wilson,PIT,WR
401,Elic Ayomanor,TEN,WR
402,Efton Chism III,NE,WR
403,Lil'Jordan Humphrey,DEN,WR
404,Kene Nwangwu,NYJ,RB
405,Max Klare,LAR,TE
406,Tommy Tremble,CAR,TE
407,Luke Schoonmaker,DAL,TE
408,Dohnte Meyers,CIN,WR
409,Joe Mixon,FA,RB
410,Malik Benson,LV,WR
411,Kendrick Bourne,ARI,WR
412,Brenen Thompson,LAC,WR
413,Brock Wright,DET,TE
414,Jahdae Walker,CHI,WR
415,Chris Brazzell II,CAR,WR
416,Tyson Bagent,CHI,QB
417,Jordan Whittington,LAR,WR
418,Jimmy Horn Jr.,CAR,WR
419,Oscar Delp,NO,TE
420,Joe Milton III,FA,QB
421,Elijah Higgins,ARI,TE
422,Noah Fant,NO,TE
423,Isaiah Williams,NYJ,WR
424,Hunter Luepke,DAL,RB
425,Cade Klubnik,NYJ,QB
426,Myles Price,MIN,WR
427,Camden Brown,DAL,WR
428,Dyami Brown,WSH,WR
429,Devontez Walker,BAL,WR
430,Josh Oliver,MIN,TE
431,Charlie Kolar,LAC,TE
432,Luke Musgrave,GB,TE
433,Matt Prater,FA,K
434,Jawhar Jordan,FA,RB
435,Marcus Mariota,WSH,QB
436,Treylon Burks,WSH,WR
437,Austin Hooper,ATL,TE
438,Jalen Royals,KC,WR
439,Marlin Klein,HOU,TE
440,CJ Daniels,LAR,WR
441,Zach Ertz,FA,TE
442,Brandon McManus,FA,K
443,Jarrett Stidham,DEN,QB
444,Sam Howell,DAL,QB
445,Olamide Zaccheaus,ATL,WR
446,Konata Mumpfield,LAR,WR
447,Kenny Pickett,CAR,QB
448,Tai Felton,MIN,WR
449,Sam Roush,CHI,TE
450,Jonathan Mingo,DAL,WR
451,Kyle Allen,BUF,QB
452,AJ Dillon,CAR,RB
453,Calvin Austin III,NYG,WR
454,Jalen Milroe,SEA,QB
455,Will Howard,PIT,QB
456,Zane Gonzalez,FA,K
457,Israel Abanikanda,FA,RB
458,Phil Mafah,FA,RB
459,Drew Sample,CIN,TE
460,Jalon Daniels,TB,QB
461,Tanner McKee,PHI,QB
462,Adam Trautman,DEN,TE
463,Jaylin Lane,WSH,WR
464,Jackson Hawes,BUF,TE
465,Demarcus Robinson,SF,WR
466,Bo Melton,GB,WR
467,Tyrod Taylor,GB,QB
468,Quinn Ewers,JAX,QB
469,Joshua Dobbs,DET,QB
470,Tyler Huntley,BAL,QB
471,Darius Cooper,PHI,WR
472,Drew Lock,SEA,QB
473,Braxton Berrios,FA,WR
474,Stetson Bennett IV,LAR,QB
475,Jake Bobo,SEA,WR
476,Audric Estime,NO,RB
477,Dont'e Thornton Jr.,LV,WR
478,Devin Neal,FA,RB
479,Taysom Hill,FA,TE
480,JuJu Smith-Schuster,FA,WR
481,Ezekiel Elliott,FA,RB
482,Nick Westbrook-Ikhine,FA,WR
483,Josh Williams,FA,RB
484,Riley Nowakowski,PIT,RB
485,Will Kacmarek,MIA,TE
486,Cade Stover,HOU,TE
487,Mo Alie-Cox,IND,TE
488,KeAndre Lambert-Smith,LAC,WR
489,Xavier Smith,LAR,WR
490,Brevyn Spann-Ford,DAL,TE
491,Spencer Rattler,NO,QB
492,Matthew Hibner,BAL,TE
493,Patrick Ricard,NYG,RB
494,Skyy Moore,GB,WR
495,Justin Joly,MIA,TE
496,Ameer Abdullah,JAX,RB
497,Ben Sinnott,WSH,TE
498,Nate Boerkircher,JAX,TE
499,Trey Lance,LAC,QB
500,Riley Leonard,IND,QB
501,Reggie Gilliam,NE,RB
502,Gardner Minshew II,ARI,QB
503,Ben Skowronek,PIT,WR
504,Mason Rudolph,PIT,QB
505,Carson Wentz,MIN,QB
506,Jermar Jefferson,MIN,RB
507,John Metchie III,CAR,WR
508,Dillon Gabriel,CLE,QB
509,Montorie Foster Jr.,SEA,WR
510,Jack Strand,ATL,QB
511,Greg Dortch,FA,WR
512,Austin Ekeler,FA,RB
513,DeAndre Hopkins,FA,WR
514,Russell Wilson,FA,QB
515,Kadarius Toney,FA,WR
516,Jerome Ford,FA,RB
517,Cedric Tillman,FA,WR
518,Frank Gore Jr.,FA,RB
519,Caden Davis,FA,K
520,Jam Miller,FA,RB
521,Durham Smythe,BAL,TE
522,Alec Ingold,LAC,RB
523,Connor Heyward,LV,RB
524,Tyler Conklin,DET,TE
525,Davis Mills,HOU,QB
526,Reggie Virgil,ARI,WR
527,Mitchell Trubisky,TEN,QB
528,LaJohntay Wester,BAL,WR
529,Ray-Ray McCloud III,CHI,WR
530,Andy Dalton,PHI,QB
531,Elijah Moore,PHI,WR
532,Ronnie Rivers,LAR,RB
533,Tyrell Shavers,BUF,WR
534,Raheim Sanders,CLE,RB
535,Taylen Green,CLE,QB
536,Marquez Valdes-Scantling,FA,WR
537,Teddy Bridgewater,DET,QB
538,Dustin Hopkins,FA,K
539,Greg Zuerlein,FA,K
540,Graham Gano,FA,K
541,DeeJay Dallas,FA,RB
542,Cade York,FA,K
543,Jaleel McLaughlin,FA,RB
544,Jarquez Hunter,FA,RB
545,Ulysses Bentley IV,FA,RB
546,Sal Cannella,FA,TE
547,Michael Trigg,FA,TE
548,John Bates,WSH,TE
549,Daniel Bellinger,TEN,TE
550,Jeremy Ruckert,NYJ,TE
551,Malachi Corley,CLE,WR
552,Adam Prentice,FA,RB
553,Michael Burton,CLE,RB
554,Josh Whyle,GB,TE
555,Max Bredeson,MIN,RB
556,Josh Cameron,JAX,WR
557,Luke Farrell,SF,TE
558,Eric Saubert,SEA,TE
559,Andrew Beck,NYJ,RB
560,Johnny Mundt,PHI,TE
561,Kyle McCord,MIA,QB
562,Kameron Johnson,TB,WR
563,British Brooks,HOU,RB
564,Ke'Shawn Williams,CIN,WR
565,Devin Duvernay,ARI,WR
566,Nikko Remigio,KC,WR
567,Jalen Brooks,ARI,WR
568,Zach Wilson,NO,QB
569,Julius Chestnut,TEN,RB
570,Corey Kiner,NE,RB
571,Garrett Nussmeier,KC,QB
572,Trayveon Williams,FA,RB
573,Mecole Hardman Jr.,FA,WR
574,Austin Seibert,FA,K
575,Dalvin Cook,FA,RB
576,Michael Badgley,FA,K
577,Tyler Lockett,FA,WR
578,Amari Cooper,LV,WR
579,Jimmy Garoppolo,LAR,QB
580,Van Jefferson,FA,WR
581,Michael Carter,FA,RB
582,Dameon Pierce,FA,RB
583,Zamir White,FA,RB
584,Will Levis,FA,QB
585,DeWayne McBride,FA,RB
586,Tanner Brown,FA,K
587,Mitchell Tinsley,FA,WR
588,Jake Browning,FA,QB
589,Carson Steele,FA,RB
590,Parker Romo,FA,K
591,Jude McAtamney,FA,K
592,Davis Allen,LAR,TE
593,Foster Moreau,HOU,TE
594,Nate Adkins,DEN,TE
595,Payne Durham,TB,TE
596,Laquon Treadwell,IND,WR
597,Blake Whiteheart,CLE,TE
598,Derius Davis,LAC,WR
599,Jacob Cowing,SF,WR
600,Tanner Koziol,JAX,TE
601,Drew Ogletree,IND,TE
602,Josh Cuevas,BAL,TE
603,Chris Manhertz,NYG,TE
604,Arian Smith,NYJ,WR
605,Robert Tonyan,PIT,TE
606,Cooper Rush,ATL,QB
607,Jeremy McNichols,WSH,RB
608,Tim Patrick,NYJ,WR
609,Case Keenum,CHI,QB
610,D.J. Montgomery,IND,WR
611,Grant Calcaterra,PHI,TE
612,Brittain Brown,CHI,RB
613,Aidan O'Connell,LV,QB
614,Jared Wiley,KC,TE
615,Mason Tipton,NO,WR
616,Colson Yankoff,WSH,TE
617,Gavin Bartholomew,MIN,TE
618,Mitchell Evans,CAR,TE
619,Jordan Watkins,SF,WR
620,Brady Cook,MIA,QB
621,Joe Royer,CLE,TE
622,Deion Burks,IND,WR
623,Justin Watson,FA,WR
624,C.J. Ham,MIN,RB
625,Nick Mullens,FA,QB
626,Scotty Miller,FA,WR
627,Raheem Mostert,FA,RB
628,Equanimeous St. Brown,FA,WR
629,Travis Homer,FA,RB
630,David Moore,FA,WR
631,Greg Joseph,FA,K
632,Derek Carr,NO,QB
633,Adam Thielen,PIT,WR
634,Josh Johnson,FA,QB
635,Tanner Hudson,FA,TE
636,Tom Kennedy,FA,WR
637,Albert Okwuegbunam Jr.,FA,TE
638,J.J. Taylor,FA,RB
639,Salvon Ahmed,FA,RB
640,Khalil Herbert,FA,RB
641,Pierre Strong Jr.,FA,RB
642,Charlie Jones,FA,WR
643,Tyler Goodson,FA,RB
644,Joshua Karty,FA,K
645,Bub Means,FA,WR
646,Jordan Travis,FA,QB
647,Michael Pratt,FA,QB
648,Terrell Jennings,FA,RB
649,Jacob Kibodi,FA,RB
650,John Samuel Shenker,FA,TE
651,Luke Lachey,GB,TE
652,Zavier Scott,FA,RB
653,Max Brosmer,FA,QB
654,Jacardia Wright,FA,RB
655,Adrian Martinez,FA,QB
656,Seydou Traore,MIA,TE
657,Tay Martin,DET,WR
658,Ko Kieft,TB,TE
659,Hunter Long,ARI,TE
660,Ian Thomas,LV,TE
661,Dareke Young,LV,WR
662,Charlie Woerner,ATL,TE
663,Carsen Ryan,CLE,TE
664,Brycen Tremayne,CAR,WR
665,Gunner Olszewski,NYG,WR
666,Trey Sermon,ATL,RB
667,Tylan Wallace,CLE,WR
668,Simi Fehoko,ARI,WR
669,Sam Ehlinger,DEN,QB
670,Jelani Woods,NYJ,TE
671,Ty Chandler,NO,RB
672,Cameron Latu,NE,TE
673,Scott Matlock,LAC,RB
674,Julian Hill,NE,TE
675,Ben Sims,MIA,TE
676,Brady Russell,SEA,RB
677,Tip Reiman,ARI,TE
678,Chris Collier,LV,RB
679,Beaux Collins,ATL,WR
680,Jeshaun Jones,MIN,WR
681,Jackson Meeks,DET,TE
682,Kendrick Law,DET,WR
683,Behren Morton,NE,QB
684,Athan Kaliakmanis,WSH,QB
685,Cole Payton,PHI,QB
686,CJ Williams,JAX,WR
687,Haynes King,CAR,QB
688,J. Michael Sturdivant,GB,WR
689,Cedrick Wilson Jr.,FA,WR
690,Brandon Allen,FA,QB
691,Dare Ogunbowale,FA,RB
692,Hunter Renfrow,FA,WR
693,Cordarrelle Patterson,FA,RB
694,Miles Sanders,FA,RB
695,John Ross,FA,WR
696,Zay Jones,FA,WR
697,Jamaal Williams,FA,RB
698,Sterling Shepard,FA,WR
699,Brandin Cooks,FA,WR
700,Clyde Edwards-Helaire,FA,RB
701,Cam Akers,FA,RB
702,Jalen Reagor,FA,WR
703,Tyler Johnson,FA,WR
704,Quez Watkins,FA,WR
705,Isaiah Hodgins,FA,WR
706,Antonio Gibson,FA,RB
707,Matthew Wright,FA,K
708,Terrace Marshall Jr.,FA,WR
709,Ihmir Smith-Marsette,FA,WR
710,Cody White,FA,WR
711,Mason Kinsey,FA,WR
712,Desmond Ridder,FA,QB
713,Bailey Zappe,FA,QB
714,Britain Covey,FA,WR
715,Deuce Vaughn,FA,RB
716,Hendon Hooker,FA,QB
717,Anders Carlson,FA,K
718,Jalin Hyatt,FA,WR
719,Christopher Dunn,FA,K
720,Max Duggan,FA,QB
721,Xazavian Valladay,FA,RB
722,Lucas Havrisik,FA,K
723,SaRodorick Thompson Jr.,FA,RB
724,Ja'Lynn Polk,NO,WR
725,Brenden Rice,FA,WR
726,Anthony Gould,FA,WR
727,Devin Leary,FA,QB
728,Louis Rees-Zammit,FA,RB
729,Brayden Narveson,FA,K
730,Cody Schrader,FA,RB
731,Sincere McCormick,FA,RB
732,Aaron Shampklin,FA,RB
733,D.J. Williams,FA,RB
734,Jermaine Jackson,FA,WR
735,Tommy Mellott,FA,WR
736,Damien Martinez,FA,RB
737,Dominic Lovett,FA,WR
738,Junior Bergen,FA,WR
739,Xavier Restrepo,FA,WR
740,Lan Larison,FA,RB
741,Ja'Corey Brooks,FA,WR
742,CJ Dippre,FA,TE
743,Drake Dabney,FA,TE
744,Jakobie Keeney-James,FA,WR
745,Amar Johnson,FA,RB
746,Lewis Bond,FA,WR
747,Emmanuel Henderson Jr.,FA,WR
748,Anthony Smith,FA,WR
749,Brevin Jordan,HOU,TE
750,Kylen Granson,TEN,TE
751,Feleipe Franks,CAR,TE
752,David Sills V,TB,WR
753,Cole Turner,MIA,TE
754,Skylar Thompson,BAL,QB
755,Chris Oladokun,KC,QB
756,Quintin Morris,JAX,TE
757,Nikola Kalinic,CHI,TE
758,Justin Shorter,LV,WR
759,Will Mallory,IND,TE
760,Brayden Willis,SF,TE
761,Irv Charles,SEA,WR
762,Chris Blair,ATL,WR
763,Ryan Miller,MIA,WR
764,Princeton Fant,DAL,TE
765,Jamari Thrash,CLE,WR
766,Johnny Wilson,PHI,WR
767,David Martin-Robinson,TEN,TE
768,Jared Wayne,HOU,WR
769,E.J. Jenkins,PHI,TE
770,Graham Mertz,HOU,QB
771,Thomas Fidone II,NYG,TE
772,Kurtis Rourke,SF,QB
773,Caleb Lohner,DEN,TE
774,Moliki Matavao,NO,TE
775,Robbie Ouzts,SEA,RB
776,Jimmy Holiday,KC,WR
777,Keleki Latu,BUF,TE
778,Dalevon Campbell,LAC,WR
779,Nick Kallerup,SEA,TE
780,Jacoby Jones,WSH,WR
781,Coleman Owen,IND,WR
782,Ben Yurosek,MIN,TE
783,Bauer Sharp,TB,TE
784,Jaren Kanak,TEN,TE
785,Dallen Bentley,DEN,TE
786,Jack Endries,CIN,TE
787,Joe Fagnano,BAL,QB
788,Jamal Agnew,FA,WR
789,Chris Moore,FA,WR
790,Noah Brown,FA,WR
791,Brandon Powell,FA,WR
792,Zach Pascal,FA,WR
793,Trent Sherfield,FA,WR
794,Jordan Akins,FA,TE
795,Nick Vannett,FA,TE
796,River Cracraft,FA,WR
797,Russell Gage Jr.,FA,WR
798,Trent Taylor,FA,WR
799,DeAndre Carter,FA,WR
800,Eric Tomlinson,FA,TE
801,Anthony Firkser,FA,TE
802,Malik Turner,FA,WR
803,Jeff Driskel,FA,QB
804,MyCole Pruitt,FA,TE
805,KhaDarel Hodge,FA,WR
806,Taylor Heinicke,FA,QB
807,Mike White,FA,QB
808,Allen Lazard,FA,WR
809,Phillip Dorsett II,FA,WR
810,Josh Reynolds,FA,WR
811,C.J. Uzomah,FA,TE
812,Marcedes Lewis,FA,TE
813,Trevor Siemian,FA,QB
814,Ryan Griffin,FA,QB
815,Brett Rypien,FA,QB
816,John Kelly Jr.,FA,RB
817,Easton Stick,FA,QB
818,Jeff Wilson Jr.,FA,RB
819,Tim Boyle,FA,QB
820,Jordan Matthews,FA,TE
821,Gerald Everett,FA,TE
822,Myles Gaskin,FA,RB
823,Hayden Hurst,FA,TE
824,Nyheim Hines,FA,RB
825,Parris Campbell,DAL,WR
826,Diontae Johnson,FA,WR
827,Alexander Mattison,FA,RB
828,Dante Pettis,FA,WR
829,Will Dissly,FA,TE
830,Chase Edmonds,FA,RB
831,DJ Chark,FA,WR
832,Mike Boone,FA,RB
833,Curtis Samuel,FA,WR
834,D'Onta Foreman,FA,RB
835,Anthony Miller,FA,WR
836,Gus Edwards,FA,RB
837,Mike Williams,LAC,WR
838,Tyler Boyd,FA,WR
839,Nelson Agholor,FA,WR
840,Jamison Crowder,FA,WR
841,Robbie Chosen,FA,WR
842,Allen Robinson,FA,WR
843,Robert Woods,FA,WR
844,Tyree Jackson,FA,TE
845,D'Ernest Johnson,FA,RB
846,Stephen Carlson,FA,TE
847,Khari Blasingame,FA,RB
848,Jakob Johnson,FA,RB
849,Pharaoh Brown,FA,TE
850,Craig Reynolds,FA,RB
851,Trenton Irwin,FA,WR
852,Ke'Shawn Vaughn,FA,RB
853,Zack Moss,FA,RB
854,Darrynton Evans,FA,RB
855,Joshua Kelley,FA,RB
856,Laviska Shenault Jr.,FA,WR
857,Harrison Bryant,FA,TE
858,Gabe Davis,FA,WR
859,K.J. Osborn,FA,WR
860,JaMycal Hasty,FA,RB
861,John Wolford,FA,QB
862,Sean McKeon,IND,TE
863,Dan Chisena,FA,WR
864,Jonathan Ward,FA,RB
865,Lawrence Cager,FA,TE
866,Tony Jones Jr.,FA,RB
867,Alex Bachman,FA,WR
868,Kyle Trask,FA,QB
869,Elijah Mitchell,FA,RB
870,Gary Brightwell,FA,RB
871,Avery Williams,FA,RB
872,Jaret Patterson,FA,RB
873,Kenny Yeboah,FA,TE
874,Mitchell Wilcox,FA,TE
875,Giovanni Ricci,FA,TE
876,Jack Stoll,FA,TE
877,Shane Zylstra,FA,TE
878,Michael Bandy,FA,WR
879,Patrick Taylor Jr.,FA,RB
880,Velus Jones Jr.,FA,RB
881,Hassan Haskins,FA,RB
882,Tyrion Davis-Price,FA,RB
883,David Bell,CLE,WR
884,Danny Gray,FA,WR
885,Erik Ezukanma,FA,WR
886,Keaontay Ingram,FA,RB
887,Teagan Quitoriano,FA,TE
888,John FitzPatrick,FA,TE
889,James Mitchell,FA,TE
890,Samori Toure,FA,WR
891,Brandon Smith,FA,WR
892,Deven Thompkins,FA,WR
893,Tim Jones,FA,WR
894,Peyton Hendershot,FA,TE
895,Tanner Conner,FA,TE
896,Shane Buechele,FA,QB
897,Kendric Pryor,FA,WR
898,Raheem Blackshear,FA,RB
899,Austin Trammell,FA,WR
900,Anthony Brown Jr.,FA,QB
901,Lucas Krull,FA,TE
902,Dennis Houston,TB,WR
903,Brandon Johnson,FA,WR
904,Stone Smartt,FA,TE
905,Maurice Alexander,FA,WR
906,Zach Evans,FA,RB
907,Sean Clifford,FA,QB
908,Evan Hull,FA,RB
909,Eric Gray,FA,RB
910,Lew Nichols,FA,RB
911,Tyler Scott,FA,WR
912,Zack Kuntz,FA,TE
913,Kenny McIntosh,FA,RB
914,Jake Haener,FA,QB
915,Dorian Thompson-Robinson,FA,QB
916,Ronnie Bell,FA,WR
917,Jaren Hall,FA,QB
918,Trey Palmer,FA,WR
919,Clayton Tune,FA,QB
920,A.T. Perry,FA,WR
921,Colton Dowell,FA,WR
922,Deneric Prince,FA,RB
923,Jason Brownlee,FA,WR
924,Mohamed Ibrahim,FA,RB
925,Elijah Dotson,FA,RB
926,Chase Cota,FA,WR
927,Malik Cunningham,FA,WR
928,Xavier Gipson,FA,WR
929,Elijah Cooks,FA,WR
930,Ben VanSumeren,FA,RB
931,Tucker Fisk,FA,TE
932,Nathan Rourke,FA,QB
933,Shedrick Jackson,FA,WR
934,Ellis Merriweather,FA,RB
935,Travis Vokolek,FA,TE
936,Owen Wright,FA,RB
937,Henry Pearson,FA,TE
938,Jordan Mims,FA,RB
939,Rodney Williams,FA,TE
940,Dylan Drummond,FA,WR
941,Jermaine Burton,FA,WR
942,Jase McClellan,FA,RB
943,Javon Baker,FA,WR
944,Cornelius Johnson,FA,WR
945,Ainias Smith,CAR,WR
946,Devin Culp,FA,TE
947,Jha'Quan Jackson,FA,WR
948,Keilan Robinson,FA,RB
949,Tahj Washington,FA,WR
950,Jaheim Bell,FA,TE
951,Tanner McLachlan,FA,TE
952,Dante Miller,FA,RB
953,Blake Watson,FA,RB
954,John Stephens Jr.,FA,TE
955,Dallin Holker,FA,TE
956,Michael Wiley,FA,RB
957,Bryce Ford-Wheaton,FA,WR
958,Ramel Keyton,FA,WR
959,Tyreik McAllister,FA,WR
960,Xavier Weaver,ARI,WR
961,Thomas Odukoya,FA,TE
962,Bryce Oliver,FA,WR
963,Kaden Davis,FA,WR
964,Joshua Cephus,FA,WR
965,Kevin Austin Jr.,FA,WR
966,Kendall Milton,FA,RB
967,Carlos Washington Jr.,FA,RB
968,Cam Grandy,FA,TE
969,Jack Westover,WSH,RB
970,Jaylen Johnson,FA,WR
971,Baylor Cupp,FA,TE
972,Kalel Mullings,FA,RB
973,Cam Miller,FA,QB
974,Ricky White III,FA,WR
975,Kaden Prather,FA,WR
976,Nick Nash,FA,WR
977,Isaiah Neyor,FA,WR
978,Donovan Edwards,FA,RB
979,Theo Wease Jr.,FA,WR
980,Chandler Brayboy,FA,WR
981,Nathan Carter,FA,RB
982,Gage Larvadain,FA,WR
983,Dalen Cambre,FA,WR
984,Kedon Slovis,FA,QB
985,Zach Horton,FA,TE
986,Brennan Presley,FA,WR
987,Quentin Skinner,FA,WR
988,Hayden Rucci,FA,TE
989,Treyton Welch,FA,TE
990,Zaire Mitchell-Paden,FA,TE
991,AJ Henning,FA,WR
992,Carter Runyon,LV,TE
993,Alex Erickson,FA,WR
994,Ross Dwelley,FA,TE
995,Irv Smith Jr.,FA,TE
996,Geoff Swaim,FA,TE
997,Chris Conley,FA,WR
998,Steven Sims,FA,WR
999,Deonte Harty,FA,WR
1000,Donald Parham Jr.,FA,TE
1001,Josiah Deguara,FA,TE
1002,Collin Johnson,FA,WR
1003,James Proche II,FA,WR
1004,Stephen Sullivan,FA,TE
1005,Marquez Callaway,FA,WR
1006,Trishton Jackson,FA,WR
1007,Kristian Wilkerson,FA,WR
1008,Tony Brown,FA,WR
1009,Dee Eskridge,FA,WR
1010,Dez Fitzpatrick,FA,WR
1011,Jaelon Darden,FA,WR
1012,Zach Davidson,FA,TE
1013,Jody Fortson,FA,TE
1014,Parker Hesse,FA,TE
1015,Tyler Mabry,FA,TE
1016,Cody Thompson,FA,WR
1017,Michael Woods II,FA,WR
1018,Nick Muse,FA,TE
1019,Montrell Washington,FA,WR
1020,Justyn Ross,FA,WR
1021,DJ Turner,FA,WR
1022,Jalen Virgil,FA,WR
1023,Troy Hairston,FA,RB
1024,Andre Baccellia,FA,WR
1025,Grant DuBose,FA,WR
1026,Antoine Green,FA,WR
1027,Joseph Ngata,FA,WR
1028,Rakim Jarrett,FA,WR
1029,Malik Heath,FA,WR
1030,Kearis Jackson,FA,WR
1031,Terrell Bynum,FA,WR
1032,Casey Washington,FA,WR
1033,Tejhaun Palmer,FA,WR
1034,Brenden Bates,FA,TE
1035,Jalen Moreno-Cropper,FA,WR