name,team,position,half_ppr_adp,full_ppr_adp,projected_fantasy_points,half_ppr_season,half_ppr_per_game,full_ppr_season,full_ppr_per_game,pass_attempts,pass_completions,pass_yards,pass_tds,interceptions,rush_attempts,rush_yards,rush_tds,targets,receptions,rec_yards,rec_tds,fumbles_lost
Jahmyr Gibbs,DET,RB,1.3,1.3,365.7,330.9,19.5,364.9,21.5,0,0,0,0,0,286.2,1389.5,14.3,85.9,67.9,546.4,3.4,1.3
Amon-Ra St. Brown,DET,WR,8.4,8.4,324.4,264.7,15.6,323.9,19.1,0,0,0,0,0,2.3,13.5,0.1,166.5,118.4,1426.2,10.4,0.8
Ja'Marr Chase,CIN,WR,4.3,4.3,336.9,276.0,16.2,335.9,19.8,0,0,0,0,0,4.0,20.9,0.1,172.6,119.8,1507.2,10.7,0.9
Jaxon Smith-Njigba,SEA,WR,6.3,6.3,326.7,267.6,15.7,326.0,19.2,0,0,0,0,0,4.6,25.2,0.2,166.2,116.7,1568.8,8.5,1.2
CeeDee Lamb,DAL,WR,11.8,11.8,293.6,241.2,14.2,293.0,17.2,0,0,0,0,0,2.2,12.7,0.1,157.5,103.5,1375.8,8.6,0.7
Josh Allen,BUF,QB,19.1,19.1,370.6,364.9,21.5,364.9,21.5,508.2,340.1,3949.2,26.4,11.6,116.4,580.8,12.5,0,0,0,0,4.2
Puka Nacua,LAR,WR,5.3,5.3,353.6,291.7,17.2,353.2,20.8,0,0,0,0,0,13.6,90.5,1.0,174.3,123.1,1585.9,9.7,0.9
Bijan Robinson,ATL,RB,2.4,2.4,352.8,313.5,18.4,351.4,20.7,0,0,0,0,0,286.5,1372.4,8.4,98.6,75.8,707.7,3.4,1.6
Christian McCaffrey,SF,RB,7.7,7.7,341.9,301.0,17.7,340.4,20.0,0,0,0,0,0,274.1,1129.7,9.1,100.1,78.9,678.0,4.7,1.2
James Cook III,BUF,RB,10.1,10.1,280.3,260.9,15.3,278.9,16.4,0,0,0,0,0,300.4,1404.7,11.0,46.0,35.9,302.3,1.6,1.8
Justin Jefferson,MIN,WR,12.6,12.6,294.7,238.0,14.0,293.8,17.3,0,0,0,0,0,2.0,10.7,0.1,165.7,111.5,1373.4,7.4,0.7
Jonathan Taylor,IND,RB,6.2,6.2,316.3,289.6,17.0,314.9,18.5,0,0,0,0,0,325.6,1502.3,11.5,63.0,50.4,389.9,1.5,1.5
Trey McBride,ARI,TE,23.0,23.0,241.7,187.2,11.0,241.0,14.2,0,0,0,0,0,0,0,0,149.0,107.7,1022.8,5.3,0.5
Brock Bowers,LV,TE,23.9,23.9,240.9,190.7,11.2,240.0,14.1,0,0,0,0,0,4.2,15.4,0.2,136.0,98.7,999.0,6.6,0.3
Saquon Barkley,PHI,RB,14.0,14.0,273.3,250.9,14.8,272.5,16.0,0,0,0,0,0,300.4,1284.1,8.7,59.0,43.2,370.9,2.3,1.0
De'Von Achane,MIA,RB,12.5,12.5,293.6,260.6,15.3,292.8,17.2,0,0,0,0,0,258.2,1311.4,5.1,80.3,64.6,512.5,2.9,1.0
Derrick Henry,BAL,RB,16.5,16.5,277.8,266.3,15.7,277.0,16.3,0,0,0,0,0,321.9,1504.7,13.3,28.0,21.4,210.0,1.2,1.5
Lamar Jackson,BAL,QB,34.5,34.5,322.5,320.4,18.8,320.4,18.8,466.8,302.8,3885.8,26.0,9.7,122.2,670.8,3.7,0,0,0,0,4.3
Drake London,ATL,WR,20.4,20.4,269.8,217.8,12.8,268.9,15.8,0,0,0,0,0,0,0,0,158.8,102.1,1249.8,7.3,0.9
George Pickens,DAL,WR,28.2,28.2,239.3,198.7,11.7,238.6,14.0,0,0,0,0,0,0,0,0,124.1,79.9,1115.2,8.2,0.9
A.J. Brown,NE,WR,21.0,21.0,249.7,206.2,12.1,249.1,14.7,0,0,0,0,0,0,0,0,129.9,86.0,1219.5,7.1,0.6
Nico Collins,HOU,WR,25.7,25.7,248.2,203.9,12.0,247.3,14.5,0,0,0,0,0,2.1,11.8,0.1,137.1,86.8,1196.2,6.8,0.7
Ashton Jeanty,LV,RB,21.8,21.8,278.9,245.5,14.4,277.8,16.3,0,0,0,0,0,277.8,1122.0,7.0,86.4,64.6,491.8,2.0,1.2
Colston Loveland,CHI,TE,42.4,42.4,206.9,165.7,9.7,206.1,12.1,0,0,0,0,0,0,0,0,119.5,80.9,901.0,6.0,0.4
Omarion Hampton,LAC,RB,18.1,18.1,261.7,235.3,13.8,261.1,15.4,0,0,0,0,0,254.0,1084.6,9.4,63.7,51.6,363.2,1.8,1.1
Chase Brown,CIN,RB,17.1,17.1,271.6,238.1,14.0,270.3,15.9,0,0,0,0,0,238.1,1035.9,7.4,80.5,64.3,434.2,2.8,1.2
Kenneth Walker III,KC,RB,24.8,24.8,273.1,248.0,14.6,272.1,16.0,0,0,0,0,0,276.6,1239.3,9.0,59.7,48.3,376.0,1.7,0.9
Rashee Rice,KC,WR,29.4,29.4,259.3,212.1,12.5,258.4,15.2,0,0,0,0,0,8.3,42.8,0.6,130.3,92.5,1081.6,8.7,1.1
Jeremiyah Love,ARI,RB,25.9,25.9,276.5,243.1,14.3,275.5,16.2,0,0,0,0,0,252.8,1118.9,6.6,85.6,64.9,486.0,2.2,1.3
Drake Maye,NE,QB,47.2,47.2,320.2,317.5,18.7,317.5,18.7,519.2,355.0,4099.6,27.1,11.2,101.1,532.6,4.1,0,0,0,0,5.1
Chris Olave,NO,WR,29.4,29.4,249.8,203.5,12.0,249.1,14.7,0,0,0,0,0,0,0,0,143.9,91.2,1195.0,6.6,0.6
DeVonta Smith,PHI,WR,36.6,36.6,239.1,193.3,11.4,238.5,14.0,0,0,0,0,0,0,0,0,127.8,90.5,1129.5,6.0,0.6
Tyler Warren,IND,TE,52.0,52.0,210.6,167.4,9.8,209.7,12.3,0,0,0,0,0,6.3,14.4,0.4,115.6,84.6,893.4,5.5,0.6
Malik Nabers,NYG,WR,35.1,35.1,243.9,200.4,11.8,243.1,14.3,0,0,0,0,0,4.5,23.0,0.1,135.6,85.2,1127.9,7.2,0.7
Jayden Daniels,WSH,QB,53.1,53.1,317.5,313.2,18.4,313.2,18.4,519.4,346.5,3846.2,22.2,9.9,131.0,669.1,5.1,0,0,0,0,3.7
Garrett Wilson,NYJ,WR,37.1,37.1,250.3,198.8,11.7,248.9,14.6,0,0,0,0,0,2.2,10.8,0.1,148.9,100.3,1175.5,5.3,1.1
Javonte Williams,DAL,RB,32.7,32.7,259.5,240.0,14.1,258.5,15.2,0,0,0,0,0,289.3,1263.2,11.1,50.6,36.9,217.8,1.5,1.2
Breece Hall,NYJ,RB,36.0,36.0,274.5,245.9,14.5,272.0,16.0,0,0,0,0,0,264.5,1163.3,7.6,63.8,52.3,440.5,2.7,1.4
Tetairoa McMillan,CAR,WR,42.2,42.2,236.2,193.8,11.4,235.4,13.8,0,0,0,0,0,0,0,0,140.4,83.3,1182.4,5.9,0.8
Kyren Williams,LAR,RB,35.0,35.0,232.0,214.8,12.6,231.5,13.6,0,0,0,0,0,236.4,1070.1,10.2,45.0,33.5,223.1,1.6,1.1
Davante Adams,LAR,WR,46.1,46.1,232.2,198.1,11.7,231.9,13.6,0,0,0,0,0,0,0,0,123.7,67.6,1013.5,10.6,0.4
Cam Skattebo,NYG,RB,45.1,45.1,227.4,204.3,12.0,226.6,13.3,0,0,0,0,0,241.3,1011.8,6.8,55.5,44.6,331.6,1.5,1.1
Zay Flowers,BAL,WR,44.1,44.1,238.5,197.2,11.6,238.0,14.0,0,0,0,0,0,9.8,57.3,0.4,116.6,81.7,1169.9,5.5,1.0
Jalen Hurts,PHI,QB,54.7,54.7,319.8,317.0,18.6,317.0,18.6,499.1,327.4,3776.6,23.5,9.2,106.3,437.4,9.1,0,0,0,0,4.1
Travis Etienne Jr.,NO,RB,40.6,40.6,246.7,223.2,13.1,245.8,14.5,0,0,0,0,0,262.6,1140.8,6.2,61.3,45.2,388.8,2.1,1.0
Emeka Egbuka,TB,WR,44.8,44.8,229.0,192.8,11.3,227.6,13.4,0,0,0,0,0,2.2,11.9,0.1,128.1,69.6,1126.8,7.5,0.6
Joe Burrow,CIN,QB,53.5,53.5,304.3,300.8,17.7,300.8,17.7,572.5,387.4,4131.1,32.9,10.9,51.6,188.6,2.1,0,0,0,0,2.9
Ladd McConkey,LAC,WR,45.8,45.8,221.0,180.4,10.6,220.2,13.0,0,0,0,0,0,0,0,0,122.0,79.6,1039.2,6.3,0.6
Tee Higgins,CIN,WR,51.2,51.2,218.9,181.5,10.7,218.1,12.8,0,0,0,0,0,0,0,0,115.1,73.3,955.0,8.4,0.4
Jaylen Waddle,DEN,WR,52.2,52.2,213.1,174.0,10.2,212.3,12.5,0,0,0,0,0,2.0,12.2,0.1,118.6,76.5,992.8,6.0,0.7
Quinshon Judkins,CLE,RB,48.5,48.5,226.7,209.7,12.3,225.7,13.3,0,0,0,0,0,317.5,1246.2,7.3,41.7,32.1,222.4,0.7,0.7
Kyle Pitts Sr.,ATL,TE,68.7,68.7,185.1,144.5,8.5,184.8,10.9,0,0,0,0,0,0,0,0,115.0,80.5,857.6,3.2,0.3
Bucky Irving,TB,RB,56.9,56.9,207.1,187.4,11.0,205.8,12.1,0,0,0,0,0,244.2,991.1,5.3,45.4,36.8,294.1,1.7,1.0
Terry McLaurin,WSH,WR,60.9,60.9,218.2,178.8,10.5,217.2,12.8,0,0,0,0,0,0,0,0,118.5,76.8,1051.3,6.1,0.6
Sam LaPorta,DET,TE,74.1,74.1,188.9,149.4,8.8,188.7,11.1,0,0,0,0,0,0,0,0,102.0,78.5,787.1,5.4,0.4
D'Andre Swift,CHI,RB,51.8,51.8,210.5,194.0,11.4,209.3,12.3,0,0,0,0,0,216.4,980.4,8.1,41.5,30.7,270.3,1.1,0.9
DJ Moore,BUF,WR,60.1,60.1,209.7,175.0,10.3,208.5,12.3,0,0,0,0,0,6.9,36.0,0.4,107.3,67.2,945.7,7.0,0.6
Jameson Williams,DET,WR,64.1,64.1,208.6,176.1,10.4,208.3,12.3,0,0,0,0,0,7.0,45.2,0.6,102.0,64.4,1026.4,5.7,0.4
Harold Fannin Jr.,CLE,TE,70.5,70.5,188.9,146.4,8.6,188.3,11.1,0,0,0,0,0,8.5,21.2,0.3,119.8,83.8,824.9,3.2,0.6
Rome Odunze,CHI,WR,65.3,65.3,213.6,182.5,10.7,212.4,12.5,0,0,0,0,0,0,0,0,119.5,59.9,1033.8,8.4,0.6
David Montgomery,HOU,RB,61.5,61.5,199.7,182.7,10.7,198.5,11.7,0,0,0,0,0,227.1,985.5,7.3,38.4,31.6,228.0,0.6,1.1
Jaxson Dart,NYG,QB,83.2,83.2,299.5,296.6,17.4,296.6,17.4,502.1,325.9,3678.8,20.8,10.1,100.8,552.9,6.4,0,0,0,0,3.7
Jadarian Price,SEA,RB,66.9,66.9,194.1,179.9,10.6,193.5,11.4,0,0,0,0,0,222.6,922.6,7.9,35.3,27.1,212.3,1.3,1.0
Dak Prescott,DAL,QB,71.8,71.8,286.1,283.6,16.7,283.6,16.7,553.4,370.1,4108.1,29.7,11.9,51.2,186.0,2.2,0,0,0,0,3.6
Josh Jacobs,GB,RB,78.4,78.4,164.4,152.0,8.9,163.8,9.6,0,0,0,0,0,174.9,718.5,7.6,31.1,23.7,183.2,1.1,1.0
George Kittle,SF,TE,72.8,72.8,193.4,154.6,9.1,192.8,11.3,0,0,0,0,0,0,0,0,97.0,76.6,828.4,5.7,0.4
Bhayshul Tuten,JAX,RB,61.2,61.2,206.0,187.9,11.1,204.9,12.1,0,0,0,0,0,237.2,994.6,6.7,45.7,34.0,252.4,1.4,1.4
Matthew Stafford,LAR,QB,93.4,93.4,292.8,291.7,17.2,291.7,17.2,557.9,356.0,4279.5,34.9,9.7,27.0,39.3,0.6,0,0,0,0,3.5
Carnell Tate,TEN,WR,78.0,78.0,202.2,164.8,9.7,202.1,11.9,0,0,0,0,0,0,0,0,121.2,74.5,1023.2,4.5,0.8
Luther Burden III,CHI,WR,74.9,74.9,206.8,168.2,9.9,206.1,12.1,0,0,0,0,0,9.0,48.8,0.4,114.3,75.8,941.5,5.0,0.7
TreVeyon Henderson,NE,RB,77.5,77.5,197.9,177.8,10.5,197.1,11.6,0,0,0,0,0,190.5,839.1,6.7,46.6,38.7,268.9,1.5,0.7
Courtland Sutton,DEN,WR,81.4,81.4,204.1,168.6,9.9,203.2,12.0,0,0,0,0,0,0,0,0,118.6,69.2,894.3,7.6,0.5
DK Metcalf,PIT,WR,85.3,85.3,195.8,163.0,9.6,195.4,11.5,0,0,0,0,0,0,0,0,113.3,64.8,944.1,6.2,0.5
Marvin Harrison Jr.,ARI,WR,78.7,78.7,193.6,158.7,9.3,193.0,11.4,0,0,0,0,0,0,0,0,126.0,68.7,953.7,5.0,0.6
Justin Herbert,LAC,QB,85.5,85.5,283.6,282.0,16.6,282.0,16.6,527.3,345.3,3849.3,25.6,11.0,78.3,406.5,2.4,0,0,0,0,3.6
Caleb Williams,CHI,QB,88.8,88.8,281.9,278.1,16.4,278.1,16.4,533.7,319.6,3836.7,25.2,10.0,71.1,381.3,2.3,0,0,0,0,4.0
Tucker Kraft,GB,TE,91.1,91.1,172.3,138.0,8.1,172.0,10.1,0,0,0,0,0,2.2,8.3,0.1,94.7,68.0,777.4,4.2,0.4
Travis Kelce,KC,TE,94.6,94.6,177.2,139.9,8.2,176.8,10.4,0,0,0,0,0,0,0,0,103.2,73.8,770.4,4.5,0.5
Rhamondre Stevenson,NE,RB,78.2,78.2,203.3,181.4,10.7,202.6,11.9,0,0,0,0,0,174.0,742.4,6.8,51.8,42.4,350.4,2.1,1.2
Mike Evans,SF,WR,83.8,83.8,180.1,151.2,8.9,179.5,10.6,0,0,0,0,0,0,0,0,100.7,56.6,889.4,5.8,0.4
Dallas Goedert,PHI,TE,103.3,103.3,176.9,141.1,8.3,176.4,10.4,0,0,0,0,0,0,0,0,93.4,70.6,725.4,5.7,0.4
Michael Pittman Jr.,PIT,WR,89.6,89.6,197.2,152.7,9.0,196.9,11.6,0,0,0,0,0,0,0,0,130.3,88.4,862.8,3.9,0.6
Jaylen Warren,PIT,RB,86.5,86.5,194.0,170.4,10.0,193.4,11.4,0,0,0,0,0,184.3,809.2,4.6,56.7,46.1,320.0,1.5,0.9
Tony Pollard,TEN,RB,87.3,87.3,185.5,170.5,10.0,185.3,10.9,0,0,0,0,0,239.4,1043.1,5.4,38.6,29.7,182.4,0.5,1.2
Christian Watson,GB,WR,88.6,88.6,188.8,160.3,9.4,188.3,11.1,0,0,0,0,0,2.2,12.8,0.1,95.9,55.9,882.8,7.2,0.5
Bo Nix,DEN,QB,103.6,103.6,295.7,291.9,17.2,291.9,17.2,564.4,363.7,3874.7,26.5,11.1,82.3,355.9,4.0,0,0,0,0,3.1
Trevor Lawrence,JAX,QB,101.3,101.3,289.5,286.9,16.9,286.9,16.9,560.1,347.4,3945.6,25.1,13.1,73.5,335.1,4.8,0,0,0,0,3.8
Rico Dowdle,PIT,RB,95.2,95.2,188.3,173.2,10.2,187.8,11.0,0,0,0,0,0,227.2,992.9,5.6,39.7,29.2,210.7,1.1,1.0
Parker Washington,JAX,WR,89.7,89.7,187.2,151.9,8.9,183.8,10.8,0,0,0,0,0,8.0,39.0,0.3,107.7,63.7,849.4,5.2,0.8
Patrick Mahomes,KC,QB,109.0,109.0,291.0,288.2,17.0,288.2,17.0,550.5,358.2,4000.6,26.4,11.7,53.1,327.0,3.2,0,0,0,0,3.0
Jake Ferguson,DAL,TE,111.2,111.2,166.6,129.7,7.6,166.1,9.8,0,0,0,0,0,0,0,0,95.7,72.9,597.9,5.8,0.8
Michael Wilson,ARI,WR,102.9,102.9,176.4,140.7,8.3,176.0,10.4,0,0,0,0,0,0,0,0,114.6,70.5,860.0,3.4,0.4
Alec Pierce,IND,WR,108.1,108.1,185.4,154.6,9.1,184.6,10.9,0,0,0,0,0,0,0,0,104.4,59.9,940.7,5.3,0.5
Matthew Golden,GB,WR,113.1,113.1,188.9,153.7,9.0,187.7,11.0,0,0,0,0,0,4.4,24.3,0.2,106.6,68.0,887.3,4.8,0.7
Kenny Gainwell,TB,RB,100.0,100.0,177.9,150.6,8.9,176.6,10.4,0,0,0,0,0,117.8,521.2,4.6,64.0,52.1,341.9,2.0,0.8
Brock Purdy,SF,QB,110.3,110.3,292.0,288.7,17.0,288.7,17.0,529.6,351.8,4178.0,27.0,13.9,65.4,277.1,3.5,0,0,0,0,3.7
Chuba Hubbard,CAR,RB,108.3,108.3,180.2,158.7,9.3,179.2,10.5,0,0,0,0,0,190.3,765.1,4.2,52.0,41.1,299.8,1.4,0.9
Brian Thomas Jr.,JAX,WR,113.7,113.7,176.7,147.7,8.7,176.2,10.4,0,0,0,0,0,4.0,23.2,0.2,102.0,57.1,859.7,5.1,0.3
J.K. Dobbins,DEN,RB,111.7,111.7,174.8,163.2,9.6,173.9,10.2,0,0,0,0,0,204.7,957.5,6.6,28.2,21.4,132.2,0.8,0.5
Jonathon Brooks,CAR,RB,104.2,104.2,179.9,160.7,9.5,179.0,10.5,0,0,0,0,0,194.4,817.0,4.4,46.8,36.6,278.7,1.4,0.9
Wan'Dale Robinson,TEN,WR,112.9,112.9,174.8,135.4,8.0,174.8,10.3,0,0,0,0,0,4.1,22.5,0.1,115.7,78.8,823.3,1.9,0.6
Mark Andrews,BAL,TE,126.6,126.6,169.1,139.6,8.2,168.5,9.9,0,0,0,0,0,9.8,34.7,0.7,83.9,57.9,616.6,7.1,0.5
Stefon Diggs,WSH,WR,101.8,101.8,173.1,135.1,7.9,172.5,10.1,0,0,0,0,0,0,0,0,97.9,74.8,769.4,3.6,0.5
Aaron Jones Sr.,MIN,RB,114.1,114.1,178.0,153.7,9.0,177.3,10.4,0,0,0,0,0,150.0,654.3,3.3,60.8,47.3,344.8,2.1,1.0
Isaiah Likely,NYG,TE,122.2,122.2,155.1,123.1,7.2,154.6,9.1,0,0,0,0,0,0,0,0,85.8,63.0,682.2,4.1,0.5
Jordan Addison,MIN,WR,121.6,121.6,171.1,140.0,8.2,170.4,10.0,0,0,0,0,0,2.0,14.5,0.1,99.4,60.9,769.0,5.2,0.4
Jakobi Meyers,JAX,WR,122.5,122.5,181.9,146.6,8.6,181.5,10.7,0,0,0,0,0,6.0,32.0,0.3,107.7,69.8,765.8,5.2,0.6
Kyle Monangai,CHI,RB,123.8,123.8,175.2,161.3,9.5,174.2,10.2,0,0,0,0,0,189.3,813.3,6.4,36.4,25.9,215.7,1.3,0.4
Blake Corum,LAR,RB,125.7,125.7,159.3,150.5,8.9,158.9,9.3,0,0,0,0,0,181.9,836.6,7.3,22.5,16.7,116.7,0.6,0.4
Xavier Worthy,KC,WR,131.1,131.1,173.0,144.7,8.5,172.5,10.1,0,0,0,0,0,12.4,76.2,0.6,92.3,55.5,788.3,4.6,0.3
RJ Harvey,DEN,RB,125.8,125.8,149.4,124.2,7.3,148.5,8.7,0,0,0,0,0,77.8,315.6,2.9,62.1,48.7,366.5,2.6,0.4
Chris Godwin Jr.,TB,WR,122.0,122.0,157.3,126.3,7.4,156.5,9.2,0,0,0,0,0,0,0,0,90.7,60.3,700.3,4.5,0.6
MarShawn Lloyd,GB,RB,115.1,115.1,134.8,124.0,7.3,134.4,7.9,0,0,0,0,0,145.2,621.1,5.4,26.9,20.7,148.2,1.0,0.7
Quentin Johnston,LAC,WR,130.6,130.6,165.4,138.7,8.2,165.1,9.7,0,0,0,0,0,2.1,10.8,0.1,90.2,52.8,777.7,5.6,0.4
Makai Lemon,PHI,WR,132.7,132.7,155.2,126.5,7.4,152.6,9.0,0,0,0,0,0,0,0,0,83.0,52.1,735.5,4.7,0.5
Dalton Kincaid,BUF,TE,130.9,130.9,155.6,125.2,7.4,154.8,9.1,0,0,0,0,0,0,0,0,81.7,59.3,697.8,4.4,0.5
Rachaad White,WSH,RB,125.8,125.8,164.3,143.2,8.4,163.4,9.6,0,0,0,0,0,134.9,566.6,5.1,46.4,40.2,266.1,1.8,0.6
Travis Hunter,JAX,WR,118.6,118.6,103.6,83.2,4.9,102.3,6.0,0,0,0,0,0,2.0,10.8,0.1,62.3,38.1,451.6,3.1,0.4
Jayden Reed,GB,WR,139.6,139.6,173.7,140.8,8.3,173.1,10.2,0,0,0,0,0,8.8,63.4,0.4,90.6,64.6,741.5,4.5,0.8
Jacory Croskey-Merritt,WSH,RB,136.3,136.3,159.0,150.0,8.8,158.0,9.3,0,0,0,0,0,196.2,846.1,7.4,20.6,16.0,118.7,0.7,1.5
Josh Downs,IND,WR,136.5,136.5,157.7,121.3,7.1,156.4,9.2,0,0,0,0,0,2.1,10.7,0.1,99.8,70.1,695.9,2.7,0.6
Khalil Shakir,BUF,WR,140.2,140.2,171.3,134.6,7.9,169.7,10.0,0,0,0,0,0,2.3,12.5,0.1,91.9,70.1,765.3,3.7,0.6
Deebo Samuel Sr.,SF,WR,143.8,143.8,149.6,124.9,7.3,148.7,8.7,0,0,0,0,0,22.1,109.3,1.1,69.1,47.7,624.6,3.7,0.7
Jared Goff,DET,QB,136.7,136.7,269.1,267.6,15.7,267.6,15.7,543.5,371.3,4219.3,29.2,10.0,27.2,49.7,0.7,0,0,0,0,3.4
Jordan Mason,MIN,RB,139.3,139.3,151.7,144.2,8.5,150.9,8.9,0,0,0,0,0,194.6,901.8,6.5,16.6,13.5,83.5,0.3,1.2
Kyler Murray,MIN,QB,137.2,137.2,283.4,280.2,16.5,280.2,16.5,552.3,372.9,3777.6,22.1,11.2,80.2,502.2,3.5,0,0,0,0,4.0
KC Concepcion,CLE,WR,147.1,147.1,156.0,125.3,7.4,154.6,9.1,0,0,0,0,0,6.4,34.9,0.2,93.7,58.7,738.1,3.1,0.7
T.J. Hockenson,MIN,TE,152.8,152.8,158.9,119.5,7.0,158.6,9.3,0,0,0,0,0,0,0,0,99.4,78.2,639.7,2.9,0.3
Romeo Doubs,NE,WR,147.6,147.6,150.6,124.0,7.3,150.2,8.8,0,0,0,0,0,0,0,0,77.7,52.4,667.2,5.4,0.5
De'Zhaun Stribling,SF,WR,138.4,138.4,160.2,133.6,7.9,159.7,9.4,0,0,0,0,0,0,0,0,84.9,52.3,798.5,4.8,0.5
Woody Marks,HOU,RB,151.9,151.9,131.8,118.7,7.0,130.8,7.7,0,0,0,0,0,151.4,613.8,3.1,32.9,24.2,198.7,1.4,0.7
Baker Mayfield,TB,QB,146.5,146.5,264.7,260.0,15.3,260.0,15.3,526.5,338.4,3824.2,24.6,11.7,54.1,323.2,1.4,0,0,0,0,4.4
Hunter Henry,NE,TE,153.2,153.2,150.3,122.0,7.2,149.9,8.8,0,0,0,0,0,0,0,0,77.7,55.6,629.0,5.3,0.2
Zach Charbonnet,SEA,RB,153.6,153.6,134.0,123.4,7.3,133.5,7.9,0,0,0,0,0,136.6,555.3,6.9,26.1,20.3,145.0,0.4,0.3
Tyjae Spears,TEN,RB,146.9,146.9,154.3,129.4,7.6,154.1,9.1,0,0,0,0,0,105.5,446.2,2.9,60.6,49.5,336.1,1.6,0.4
Jalen Coker,CAR,WR,154.3,154.3,147.0,116.0,6.8,146.6,8.6,0,0,0,0,0,0,0,0,88.4,61.2,687.7,3.0,0.6
Tyler Shough,NO,QB,152.4,152.4,265.6,262.8,15.5,262.8,15.5,545.3,354.9,3884.2,20.5,11.1,65.7,285.3,4.3,0,0,0,0,3.2
Kenyon Sadiq,NYJ,TE,165.3,165.3,146.1,115.0,6.8,145.1,8.5,0,0,0,0,0,0,0,0,80.7,60.2,621.6,3.9,0.4
Rashid Shaheed,SEA,WR,160.9,160.9,144.4,117.6,6.9,139.0,8.2,0,0,0,0,0,13.8,86.7,0.5,70.5,42.8,646.4,3.5,0.6
Juwan Johnson,NO,TE,157.6,157.6,146.9,114.2,6.7,146.5,8.6,0,0,0,0,0,0,0,0,89.4,64.6,660.8,2.8,0.6
Jordan Love,GB,QB,155.3,155.3,263.4,261.6,15.4,261.6,15.4,540.3,348.0,4038.6,25.6,10.8,50.2,212.2,1.0,0,0,0,0,4.0
Jordyn Tyson,NO,WR,168.1,168.1,99.8,81.7,4.8,99.5,5.9,0,0,0,0,0,0,0,0,57.5,35.6,484.3,2.7,0.4
Alvin Kamara,NO,RB,161.8,161.8,113.4,97.7,5.7,113.1,6.7,0,0,0,0,0,111.9,450.7,2.1,38.2,30.7,208.0,0.8,0.6
Isiah Pacheco,DET,RB,161.0,161.0,71.2,66.5,3.9,71.1,4.2,0,0,0,0,0,88.5,380.6,2.7,11.4,9.1,60.1,0.4,0.3
Mike Washington Jr.,LV,RB,163.5,163.5,67.1,62.3,3.7,66.8,3.9,0,0,0,0,0,89.4,368.4,2.3,11.5,8.9,63.9,0.3,0.4
Daniel Jones,IND,QB,160.3,160.3,266.6,262.6,15.4,262.6,15.4,528.1,349.5,3745.0,19.5,11.2,73.0,307.0,5.9,0,0,0,0,4.5
Tyler Allgeier,ARI,RB,162.9,162.9,92.6,83.0,4.9,92.2,5.4,0,0,0,0,0,99.0,391.0,3.4,23.3,18.4,127.6,0.4,0.2
Tank Dell,HOU,WR,164.7,164.7,0.0,0.0,0.0,0.0,0.0,0,0,0,0,0,0,0,0,0,0,0,0,0
Jalen McMillan,TB,WR,163.7,163.7,132.9,108.5,6.4,132.1,7.8,0,0,0,0,0,4.4,24.6,0.2,74.7,47.3,588.3,3.9,0.4
Chris Rodriguez Jr.,JAX,RB,164.4,164.4,72.0,69.5,4.1,71.7,4.2,0,0,0,0,0,100.5,432.6,3.4,6.0,4.4,31.2,0.2,0.3
Jerry Jeudy,CLE,WR,168.9,168.9,139.8,113.4,6.7,139.4,8.2,0,0,0,0,0,0,0,0,93.7,51.9,720.7,2.7,0.5
Keenan Allen,IND,WR,165.4,165.4,124.2,96.3,5.7,123.8,7.3,0,0,0,0,0,0,0,0,78.8,54.8,538.8,2.7,0.6
Brian Robinson Jr.,ATL,RB,168.0,168.0,94.0,89.2,5.2,93.5,5.5,0,0,0,0,0,134.6,560.4,3.7,11.0,8.7,59.1,0.3,0.5
Tre Tucker,LV,WR,169.4,169.4,138.0,112.2,6.6,136.4,8.0,0,0,0,0,0,10.4,57.3,0.3,81.6,48.3,658.6,2.5,0.3
Sam Darnold,SEA,QB,162.6,162.6,242.5,240.5,14.1,240.5,14.1,512.4,335.0,4012.4,24.0,12.4,44.1,125.6,0.8,0,0,0,0,4.6
Denzel Boston,CLE,WR,169.2,169.2,142.3,113.6,6.7,141.3,8.3,0,0,0,0,0,0,0,0,88.5,55.4,693.2,2.9,0.6
Terrance Ferguson,LAR,TE,168.6,168.6,135.7,112.6,6.6,135.6,8.0,0,0,0,0,0,0,0,0,73.1,46.0,578.5,5.4,0.3
Calvin Ridley,TEN,WR,168.9,168.9,135.3,113.5,6.7,135.1,7.9,0,0,0,0,0,6.1,32.1,0.2,82.7,43.3,677.5,3.4,0.4
Brenton Strange,JAX,TE,167.9,167.9,142.6,112.7,6.6,142.2,8.4,0,0,0,0,0,0,0,0,85.0,59.0,599.0,4.0,0.4
C.J. Stroud,HOU,QB,165.5,165.5,246.1,242.9,14.3,242.9,14.3,551.0,351.3,3948.1,21.4,12.1,57.1,249.1,1.0,0,0,0,0,3.9
Jonah Coleman,DEN,RB,165.8,165.8,74.4,65.3,3.8,74.0,4.4,0,0,0,0,0,65.5,272.1,2.1,22.6,17.4,126.5,0.8,0.3
Malik Willis,MIA,QB,167.6,167.6,239.8,237.8,14.0,237.8,14.0,504.4,322.7,3562.6,13.3,10.4,105.6,547.0,3.4,0,0,0,0,6.2
Keaton Mitchell,LAC,RB,169.3,169.3,93.9,83.2,4.9,93.3,5.5,0,0,0,0,0,83.3,392.6,2.4,26.5,20.0,156.9,0.8,0.5
Tank Bigsby,PHI,RB,169.7,169.7,64.1,62.0,3.6,63.8,3.8,0,0,0,0,0,83.2,372.4,3.3,4.9,3.6,28.6,0.1,0.4
Justice Hill,BAL,RB,168.9,168.9,120.1,100.2,5.9,119.9,7.1,0,0,0,0,0,58.5,267.8,1.6,51.3,39.4,348.3,1.7,0.5
Dalton Schultz,HOU,TE,168.9,168.9,132.9,102.7,6.0,132.5,7.8,0,0,0,0,0,0,0,0,82.3,59.7,549.0,3.1,0.4
Dylan Sampson,CLE,RB,169.2,169.2,88.2,72.3,4.3,87.2,5.1,0,0,0,0,0,56.6,236.1,1.1,36.4,29.8,208.1,1.2,0.4
Ja'Kobi Lane,BAL,WR,168.9,168.9,109.7,92.2,5.4,109.4,6.4,0,0,0,0,0,0,0,0,56.0,34.4,530.3,3.8,0.4
Adonai Mitchell,NYJ,WR,171.3,171.3,127.9,105.9,6.2,126.9,7.5,0,0,0,0,0,2.2,11.2,0.1,75.1,42.0,622.6,3.6,0.5
Caleb Douglas,MIA,WR,170.9,170.9,113.4,91.4,5.4,113.1,6.7,0,0,0,0,0,0,0,0,70.3,43.4,580.7,2.1,0.4
Pat Freiermuth,PIT,TE,169.7,169.7,136.3,106.1,6.2,136.1,8.0,0,0,0,0,0,0,0,0,85.0,59.9,602.7,2.8,0.5
Kayshon Boutte,HOU,WR,170.6,170.6,139.0,113.0,6.6,138.5,8.1,0,0,0,0,0,0,0,0,82.3,51.1,666.4,3.6,0.4
Jalen Nailor,LV,WR,171.2,171.2,124.2,101.7,6.0,123.8,7.3,0,0,0,0,0,2.1,11.0,0.1,76.2,44.3,607.7,3.0,0.4
Braelon Allen,NYJ,RB,171.0,171.0,76.8,69.6,4.1,76.0,4.5,0,0,0,0,0,82.4,347.7,2.9,16.0,12.8,90.5,0.4,0.4
Cooper Kupp,SEA,WR,169.4,169.4,101.5,82.4,4.8,101.3,6.0,0,0,0,0,0,0,0,0,57.2,37.8,471.6,2.8,0.3
Kaleb Johnson,GB,RB,170.0,170.0,7.9,7.2,0.4,7.9,0.5,0,0,0,0,0,7.8,33.2,0.3,1.9,1.4,10.3,0.1,0.0
Najee Harris,NYG,RB,170.2,170.2,78.5,72.2,4.2,78.2,4.6,0,0,0,0,0,107.2,431.7,2.3,15.1,12.1,76.1,0.4,0.3
Devaughn Vele,NO,WR,171.7,171.7,123.4,98.3,5.8,123.0,7.2,0,0,0,0,0,0,0,0,75.7,49.4,542.9,3.4,0.4
Kaelon Black,SF,RB,170.3,170.3,60.4,56.0,3.3,60.1,3.5,0,0,0,0,0,75.2,311.1,2.2,10.5,8.1,62.5,0.4,0.3
Bryce Young,CAR,QB,168.9,168.9,238.2,235.2,13.8,235.2,13.8,537.1,334.5,3636.7,20.4,12.1,57.8,272.5,2.1,0,0,0,0,3.9
Ray Davis,BUF,RB,171.0,171.0,38.2,32.1,1.9,35.9,2.1,0,0,0,0,0,32.4,138.3,1.1,10.2,7.8,60.0,0.4,0.2
Dontayvion Wicks,PHI,WR,171.0,171.0,108.7,88.5,5.2,108.4,6.4,0,0,0,0,0,0,0,0,64.2,39.7,520.1,2.9,0.4
Cam Ward,TEN,QB,169.2,169.2,219.6,218.7,12.9,218.7,12.9,557.8,355.0,3757.4,16.5,10.3,46.6,200.7,2.0,0,0,0,0,4.7
Fernando Mendoza,LV,QB,168.6,168.6,187.5,185.3,10.9,185.3,10.9,449.6,284.5,3058.3,14.2,10.5,52.1,226.1,1.9,0,0,0,0,3.4
Rashod Bateman,BAL,WR,171.5,171.5,122.3,103.2,6.1,122.1,7.2,0,0,0,0,0,0,0,0,65.3,37.7,613.4,3.9,0.3
Jaylin Noel,HOU,WR,171.8,171.8,131.6,104.1,6.1,129.4,7.6,0,0,0,0,0,4.2,22.2,0.1,76.8,50.5,578.0,3.2,0.6
Jauan Jennings,MIN,WR,171.2,171.2,115.0,91.2,5.4,114.6,6.7,0,0,0,0,0,0,0,0,71.8,46.8,485.4,3.4,0.5
Chig Okonkwo,WSH,TE,170.2,170.2,120.9,95.0,5.6,120.6,7.1,0,0,0,0,0,0,0,0,72.1,51.1,559.2,2.3,0.3
Tyrone Tracy Jr.,NYG,RB,170.4,170.4,40.9,34.8,2.0,40.8,2.4,0,0,0,0,0,35.7,151.9,0.5,15.1,11.9,86.8,0.4,0.2
Malik Washington,MIA,WR,170.1,170.1,113.8,88.7,5.2,110.9,6.5,0,0,0,0,0,12.9,77.8,0.4,65.3,44.3,471.4,1.7,0.6
Samaje Perine,CIN,RB,171.1,171.1,100.3,90.2,5.3,99.6,5.9,0,0,0,0,0,100.9,439.6,3.3,23.0,18.8,139.2,0.7,0.8
Aaron Rodgers,PIT,QB,169.2,169.2,218.8,217.4,12.8,217.4,12.8,568.3,362.8,3770.3,20.1,11.1,28.1,99.6,0.9,0,0,0,0,3.5
AJ Barner,SEA,TE,169.8,169.8,113.8,91.1,5.4,113.4,6.7,0,0,0,0,0,9.2,18.0,0.5,60.5,44.7,432.6,3.6,0.5
Chris Brooks,GB,RB,170.4,170.4,70.8,61.1,3.6,70.7,4.2,0,0,0,0,0,53.1,234.5,1.8,25.3,19.1,136.6,0.7,0.2
Germie Bernard,PIT,WR,171.3,171.3,108.7,88.0,5.2,108.2,6.4,0,0,0,0,0,2.1,11.7,0.1,68.0,40.4,504.1,2.8,0.4
Omar Cooper Jr.,NYJ,WR,171.2,171.2,87.7,70.6,4.2,87.1,5.1,0,0,0,0,0,2.2,12.0,0.1,48.5,33.0,396.0,2.2,0.4
Jayden Higgins,HOU,WR,170.0,170.0,0.0,0.0,0.0,0.0,0.0,0,0,0,0,0,0,0,0,0,0,0,0,0
Gunnar Helm,TEN,TE,170.8,170.8,126.9,97.9,5.8,126.7,7.5,0,0,0,0,0,0,0,0,77.1,57.7,498.9,3.3,0.4
Emmett Johnson,KC,RB,169.9,169.9,53.9,49.5,2.9,53.7,3.2,0,0,0,0,0,61.9,257.9,2.0,10.9,8.4,59.3,0.4,0.3
David Njoku,LAC,TE,169.7,169.7,104.3,84.2,5.0,104.1,6.1,0,0,0,0,0,0,0,0,58.4,39.9,416.7,3.9,0.3
Zachariah Branch,ATL,WR,170.8,170.8,82.5,64.6,3.8,80.3,4.7,0,0,0,0,0,0,0,0,49.3,31.4,381.7,1.9,0.3
Ricky Pearsall,SF,WR,169.9,169.9,0.0,0.0,0.0,0.0,0.0,0,0,0,0,0,0,0,0,0,0,0,0,0
Cyrus Allen,KC,WR,169.8,169.8,52.8,43.0,2.5,52.7,3.1,0,0,0,0,0,0,0,0,32.6,19.4,245.0,1.5,0.2
Jacoby Brissett,ARI,QB,169.9,169.9,198.5,196.6,11.6,196.6,11.6,516.7,326.6,3351.7,14.8,9.2,47.2,209.8,1.3,0,0,0,0,3.7
Malachi Fields,NYG,WR,170.6,170.6,86.3,69.7,4.1,86.0,5.1,0,0,0,0,0,0,0,0,50.8,32.7,408.0,2.2,0.3
Tre' Harris,LAC,WR,171.2,171.2,89.9,72.5,4.3,89.7,5.3,0,0,0,0,0,0,0,0,53.1,34.5,410.5,2.5,0.4
Odell Beckham Jr.,NYG,WR,169.4,169.4,24.0,19.4,1.1,24.0,1.4,0,0,0,0,0,0,0,0,15.1,9.2,113.1,0.6,0.1
Ryan Flournoy,DAL,WR,171.1,171.1,89.3,72.2,4.2,89.1,5.2,0,0,0,0,0,2.2,12.4,0.1,50.6,33.8,383.0,2.7,0.4
George Holani,SEA,RB,170.3,170.3,41.5,37.1,2.2,41.1,2.4,0,0,0,0,0,38.9,164.2,1.5,10.6,8.0,62.2,0.3,0.2
Geno Smith,NYJ,QB,170.1,170.1,233.2,227.8,13.4,227.8,13.4,531.5,362.1,3823.8,20.5,14.4,58.0,220.3,1.1,0,0,0,0,3.4
Oronde Gadsden,LAC,TE,170.2,170.2,77.2,62.0,3.6,77.1,4.5,0,0,0,0,0,0,0,0,42.4,30.2,321.6,2.5,0.2
Greg Dulcich,MIA,TE,170.5,170.5,119.0,93.0,5.5,118.8,7.0,0,0,0,0,0,0,0,0,75.3,51.6,581.4,1.6,0.4
Isaac TeSlaa,DET,WR,170.3,170.3,73.0,60.9,3.6,72.8,4.3,0,0,0,0,0,0,0,0,37.6,23.8,300.9,3.2,0.2
Kimani Vidal,LAC,RB,171.0,171.0,36.4,32.4,1.9,36.3,2.1,0,0,0,0,0,33.3,136.4,1.1,10.6,7.8,63.0,0.4,0.2
Jordan James,SF,RB,170.7,170.7,29.1,27.0,1.6,29.0,1.7,0,0,0,0,0,35.4,151.0,1.0,5.3,4.1,31.0,0.2,0.2
Darren Waller,CAR,TE,170.4,170.4,114.5,92.5,5.4,114.0,6.7,0,0,0,0,0,0,0,0,62.4,42.9,472.7,4.0,0.2
James Conner,ARI,RB,170.1,170.1,0.0,0.0,0.0,0.0,0.0,0,0,0,0,0,0,0,0,0,0,0,0,0
Chris Bell,MIA,WR,170.6,170.6,88.4,71.1,4.2,88.2,5.2,0,0,0,0,0,0,0,0,55.2,34.1,449.2,1.6,0.3
Evan Engram,DEN,TE,170.0,170.0,106.5,82.6,4.9,106.2,6.2,0,0,0,0,0,0,0,0,67.8,47.2,464.4,2.2,0.3
Kirk Cousins,LV,QB,170.0,170.0,45.8,45.2,2.7,45.2,2.7,118.7,78.6,832.4,4.1,2.7,5.7,11.0,0.3,0,0,0,0,0.9
Malik Davis,DAL,RB,170.3,170.3,57.6,53.3,3.1,57.4,3.4,0,0,0,0,0,66.8,289.9,2.1,11.3,8.3,59.3,0.3,0.2
Jaylen Wright,MIA,RB,170.7,170.7,45.8,41.8,2.5,45.5,2.7,0,0,0,0,0,60.3,252.5,1.2,10.0,7.4,56.1,0.2,0.5
Cade Otton,TB,TE,170.3,170.3,102.1,79.4,4.7,101.7,6.0,0,0,0,0,0,0,0,0,64.0,44.5,440.2,2.3,0.3
Antonio Williams,WSH,WR,170.4,170.4,77.7,63.7,3.7,76.7,4.5,0,0,0,0,0,4.1,22.3,0.2,41.2,25.8,343.7,2.3,0.3
Shedeur Sanders,CLE,QB,169.9,169.9,142.6,140.9,8.3,140.9,8.3,351.1,221.2,2434.9,10.2,8.5,32.5,182.0,0.9,0,0,0,0,2.1
Keon Coleman,BUF,WR,170.2,170.2,75.5,62.5,3.7,74.7,4.4,0,0,0,0,0,0,0,0,40.9,24.4,337.9,2.8,0.2
Darnell Mooney,NYG,WR,170.4,170.4,63.7,52.8,3.1,63.5,3.7,0,0,0,0,0,2.2,11.9,0.1,40.4,21.5,308.4,1.7,0.2
Xavier Legette,CAR,WR,170.8,170.8,94.0,75.8,4.5,93.7,5.5,0,0,0,0,0,2.1,10.8,0.1,62.4,35.7,416.9,2.6,0.4
Pat Bryant,DEN,WR,170.4,170.4,72.7,58.3,3.4,72.5,4.3,0,0,0,0,0,0,0,0,45.2,28.4,320.2,2.1,0.3
Deshaun Watson,CLE,QB,170.1,170.1,78.2,77.3,4.5,77.3,4.5,195.7,120.5,1281.9,5.4,4.4,25.9,130.1,0.6,0,0,0,0,1.7
Jake Tonges,SF,TE,170.1,170.1,20.3,16.1,0.9,20.3,1.2,0,0,0,0,0,0,0,0,11.8,8.3,82.6,0.6,0.1
Nicholas Singleton,TEN,RB,170.3,170.3,19.8,17.6,1.0,19.7,1.2,0,0,0,0,0,20.3,83.6,0.6,5.5,4.3,30.1,0.2,0.1
Jacob Saylors,DET,RB,170.1,170.1,49.2,43.8,2.6,47.2,2.8,0,0,0,0,0,50.7,220.2,2.0,8.5,6.7,48.2,0.3,0.2
Ty Johnson,BUF,RB,170.8,170.8,84.9,73.5,4.3,84.3,5.0,0,0,0,0,0,50.8,220.0,2.1,30.6,21.6,208.1,1.3,0.4
Tua Tagovailoa,ATL,QB,170.1,170.1,115.2,113.9,6.7,113.9,6.7,301.6,204.2,2172.9,10.5,7.9,15.9,44.0,0.3,0,0,0,0,2.5
KaVontae Turpin,DAL,WR,169.8,169.8,66.4,54.0,3.2,63.0,3.7,0,0,0,0,0,17.8,103.0,0.4,27.8,17.9,226.7,1.7,0.4
Mike Gesicki,CIN,TE,170.2,170.2,96.5,77.9,4.6,96.1,5.7,0,0,0,0,0,0,0,0,51.8,36.2,352.7,4.2,0.2
Darnell Washington,PIT,TE,169.8,169.8,72.4,56.8,3.3,72.3,4.3,0,0,0,0,0,0,0,0,45.3,31.0,305.1,1.9,0.3
Ollie Gordon II,MIA,RB,170.7,170.7,33.8,31.8,1.9,33.7,2.0,0,0,0,0,0,47.3,195.1,1.2,5.0,3.9,27.8,0.1,0.2
Jaydon Blue,FA,RB,170.2,170.2,0.0,0.0,0.0,0.0,0.0,0,0,0,0,0,0,0,0,0,0,0,0,0
Zavion Thomas,CHI,WR,169.8,169.8,36.3,28.7,1.7,35.0,2.1,0,0,0,0,0,0,0,0,20.8,12.6,154.1,1.2,0.1
Troy Franklin,DEN,WR,170.1,170.1,50.7,42.0,2.5,50.5,3.0,0,0,0,0,0,2.0,10.6,0.1,28.2,17.0,216.2,1.8,0.2
Kaytron Allen,WSH,RB,170.3,170.3,15.7,13.6,0.8,15.6,0.9,0,0,0,0,0,12.3,50.6,0.4,5.2,4.1,29.3,0.2,0.1
Darius Slayton,NYG,WR,170.5,170.5,80.1,65.7,3.9,79.9,4.7,0,0,0,0,0,2.2,12.3,0.1,45.7,28.4,395.8,1.8,0.3
Colby Parkinson,LAR,TE,170.2,170.2,75.3,61.2,3.6,75.2,4.4,0,0,0,0,0,0,0,0,39.4,28.0,290.7,3.1,0.3
Chimere Dike,TEN,WR,169.9,169.9,39.6,29.2,1.7,34.5,2.0,0,0,0,0,0,10.1,50.3,0.6,16.5,10.6,112.1,0.8,0.2
Jahan Dotson,ATL,WR,170.7,170.7,92.8,74.9,4.4,92.5,5.4,0,0,0,0,0,0,0,0,60.2,35.2,443.3,2.3,0.3
Michael Mayer,LV,TE,170.2,170.2,80.9,62.3,3.7,80.8,4.8,0,0,0,0,0,0,0,0,54.4,37.0,364.1,1.3,0.3
Michael Penix Jr.,ATL,QB,170.1,170.1,113.2,111.9,6.6,111.9,6.6,265.4,168.3,1882.5,9.4,5.1,19.3,76.6,0.9,0,0,0,0,1.9
Jack Bech,LV,WR,170.2,170.2,65.9,51.9,3.1,65.8,3.9,0,0,0,0,0,0,0,0,43.5,27.7,315.2,1.2,0.3
Jalen Tolbert,MIA,WR,170.6,170.6,89.5,71.6,4.2,89.3,5.3,0,0,0,0,0,0,0,0,60.2,35.3,442.1,1.7,0.3
DeMario Douglas,NE,WR,170.5,170.5,81.5,66.2,3.9,81.3,4.8,0,0,0,0,0,4.1,21.5,0.2,41.5,30.2,365.5,2.0,0.4
Ted Hurst III,TB,WR,170.2,170.2,64.9,53.1,3.1,64.5,3.8,0,0,0,0,0,0,0,0,37.3,22.8,294.5,2.1,0.2
Tyquan Thornton,KC,WR,170.3,170.3,77.3,65.1,3.8,77.0,4.5,0,0,0,0,0,0,0,0,43.4,23.8,358.9,2.9,0.2
Marvin Mims Jr.,DEN,WR,170.2,170.2,70.0,54.7,3.2,66.8,3.9,0,0,0,0,0,8.2,45.1,0.3,33.9,24.1,272.9,1.6,0.3
Sean Tucker,TB,RB,170.3,170.3,37.0,35.1,2.1,36.1,2.1,0,0,0,0,0,43.6,182.2,2.4,2.7,2.0,14.4,0.1,0.3
Dawson Knox,BUF,TE,169.8,169.8,68.2,55.3,3.3,67.8,4.0,0,0,0,0,0,0,0,0,35.8,24.9,265.2,2.8,0.1
Carson Beck,ARI,QB,170.0,170.0,29.3,29.0,1.7,29.0,1.7,66.2,40.8,450.6,2.6,1.5,6.6,29.4,0.3,0,0,0,0,0.5
Cole Kmet,CHI,TE,169.8,169.8,53.9,42.7,2.5,53.6,3.2,0,0,0,0,0,0,0,0,31.2,21.9,219.9,1.7,0.1
Demond Claiborne,MIN,RB,170.3,170.3,16.9,14.5,0.9,16.8,1.0,0,0,0,0,0,14.2,59.5,0.4,5.5,4.5,29.5,0.2,0.1
Seth McGowan,IND,RB,170.3,170.3,36.4,32.0,1.9,36.2,2.1,0,0,0,0,0,33.4,138.2,1.0,10.5,8.5,59.5,0.3,0.2
Tory Horton,SEA,WR,170.2,170.2,65.5,54.1,3.2,64.9,3.8,0,0,0,0,0,0,0,0,35.3,21.6,298.9,2.3,0.2
Isaiah Davis,NYJ,RB,170.5,170.5,51.1,44.2,2.6,50.6,3.0,0,0,0,0,0,39.0,178.2,1.3,16.0,12.9,96.4,0.4,0.1
J.J. McCarthy,MIN,QB,169.9,169.9,10.1,9.9,0.6,9.9,0.6,23.1,14.7,165.1,1.0,0.7,1.4,6.1,0.1,0,0,0,0,0.2
Skyler Bell,BUF,WR,169.9,169.9,34.1,27.9,1.6,33.9,2.0,0,0,0,0,0,0,0,0,20.4,12.1,163.5,1.0,0.1
Emari Demercado,DAL,RB,170.2,170.2,24.6,22.5,1.3,24.5,1.4,0,0,0,0,0,26.7,126.3,0.7,5.6,4.1,27.6,0.2,0.1
Christian Kirk,SF,WR,169.9,169.9,0.0,0.0,0.0,0.0,0.0,0,0,0,0,0,0,0,0,0,0,0,0,0
Kendre Miller,NO,RB,170.2,170.2,18.6,17.0,1.0,18.5,1.1,0,0,0,0,0,23.8,99.8,0.5,4.0,3.0,21.5,0.1,0.1
Adam Randall,BAL,RB,170.2,170.2,0.0,0.0,0.0,0.0,0.0,0,0,0,0,0,0,0,0,0,0,0,0,0
Xavier Hutchinson,HOU,WR,170.3,170.3,91.1,73.7,4.3,90.8,5.3,0,0,0,0,0,2.1,12.4,0.1,60.3,34.4,431.7,2.0,0.3
Brashard Smith,KC,RB,170.3,170.3,59.7,50.3,3.0,58.5,3.4,0,0,0,0,0,41.3,174.8,1.2,21.7,16.4,121.4,0.9,0.3
LeQuint Allen Jr.,JAX,RB,170.4,170.4,43.9,33.0,1.9,43.3,2.5,0,0,0,0,0,7.5,31.9,0.2,26.7,20.5,140.0,0.8,0.1
Will Shipley,PHI,RB,170.2,170.2,28.2,21.9,1.3,27.6,1.6,0,0,0,0,0,9.2,39.5,0.3,14.7,11.3,83.4,0.4,0.1
Eli Stowers,PHI,TE,170.0,170.0,29.0,23.5,1.4,28.9,1.7,0,0,0,0,0,4.6,19.9,0.2,14.7,10.8,106.8,0.8,0.1
Andrei Iosivas,CIN,WR,170.2,170.2,67.6,55.4,3.3,67.4,4.0,0,0,0,0,0,2.0,11.1,0.1,40.3,23.9,275.6,2.4,0.2
Hollywood Brown,PHI,WR,170.0,170.0,34.3,27.9,1.6,34.2,2.0,0,0,0,0,0,0,0,0,19.9,12.6,156.1,1.0,0.1
Emanuel Wilson,SEA,RB,170.2,170.2,9.9,9.2,0.5,9.9,0.6,0,0,0,0,0,11.4,48.0,0.4,1.8,1.4,10.3,0.1,0.0
Theo Johnson,NYG,TE,170.1,170.1,61.5,48.7,2.9,61.4,3.6,0,0,0,0,0,0,0,0,37.8,25.3,268.8,1.6,0.1
Trevor Etienne,CAR,RB,170.0,170.0,0.0,0.0,0.0,0.0,0.0,0,0,0,0,0,0,0,0,0,0,0,0,0
DJ Giddens,IND,RB,170.1,170.1,15.5,13.3,0.8,15.4,0.9,0,0,0,0,0,12.5,52.8,0.4,5.3,4.2,28.9,0.2,0.1
Mason Taylor,NYJ,TE,170.0,170.0,70.4,53.3,3.1,70.0,4.1,0,0,0,0,0,0,0,0,45.0,33.5,284.8,1.4,0.2
Elijah Arroyo,SEA,TE,169.9,169.9,60.6,48.4,2.8,60.5,3.6,0,0,0,0,0,0,0,0,35.3,24.1,264.2,1.7,0.2
Justin Fields,KC,QB,170.0,170.0,10.6,10.5,0.6,10.5,0.6,20.6,12.8,140.5,0.9,0.4,2.8,15.3,0.2,0,0,0,0,0.2
Ty Simpson,LAR,QB,170.0,170.0,10.0,10.0,0.6,10.0,0.6,21.9,13.5,146.3,1.2,0.6,1.1,4.8,0.1,0,0,0,0,0.2
Devin Singletary,NYG,RB,170.0,170.0,0.0,0.0,0.0,0.0,0.0,0,0,0,0,0,0,0,0,0,0,0,0,0
Tyler Higbee,LAR,TE,169.9,169.9,38.1,30.4,1.8,38.0,2.2,0,0,0,0,0,0,0,0,22.5,15.3,154.0,1.3,0.1
Kyle Juszczyk,SF,RB,170.0,170.0,44.7,34.4,2.0,44.6,2.6,0,0,0,0,0,4.4,18.6,0.2,26.3,20.4,160.7,0.9,0.1
Tutu Atwell,LAR,WR,170.0,170.0,30.9,26.0,1.5,30.9,1.8,0,0,0,0,0,2.3,12.0,0.1,16.9,9.7,139.2,0.9,0.1
Kyle Williams,NE,WR,170.0,170.0,50.8,42.3,2.5,50.2,3.0,0,0,0,0,0,4.1,22.4,0.2,25.6,15.9,229.7,1.4,0.2
Luke McCaffrey,WSH,WR,169.9,169.9,18.4,14.2,0.8,17.6,1.0,0,0,0,0,0,0,0,0,10.3,6.7,80.1,0.5,0.1
Joe Flacco,CIN,QB,170.0,170.0,10.5,10.4,0.6,10.4,0.6,24.8,15.3,164.8,1.3,0.7,0.4,1.2,0.0,0,0,0,0,0.2
Savion Williams,GB,WR,170.0,170.0,41.9,34.4,2.0,41.1,2.4,0,0,0,0,0,8.8,45.9,0.3,20.4,13.3,148.7,1.1,0.2
Drew Allar,PIT,QB,169.9,169.9,9.5,9.4,0.6,9.4,0.6,23.0,14.9,160.2,0.9,0.5,1.3,5.6,0.1,0,0,0,0,0.2
Mack Hollins,NE,WR,170.1,170.1,56.7,45.8,2.7,56.5,3.3,0,0,0,0,0,0,0,0,31.1,21.5,257.8,1.6,0.2
Jameis Winston,NYG,QB,170.0,170.0,8.6,8.5,0.5,8.5,0.5,22.2,13.6,162.9,0.9,0.9,0.7,2.7,0.0,0,0,0,0,0.2
Elijah Sarratt,BAL,WR,170.0,170.0,25.1,20.9,1.2,25.1,1.5,0,0,0,0,0,0,0,0,14.0,8.3,123.6,0.8,0.1
Tahj Brooks,CIN,RB,170.2,170.2,18.4,18.2,1.1,18.2,1.1,0,0,0,0,0,30.3,128.1,0.9,0,0,0,0,0.1
Noah Gray,KC,TE,169.9,169.9,60.7,47.5,2.8,60.6,3.6,0,0,0,0,0,0,0,0,38.0,26.1,262.0,1.4,0.1
Mac Jones,SF,QB,170.0,170.0,8.6,8.5,0.5,8.5,0.5,22.4,14.7,145.6,0.9,0.6,0.9,2.2,0.0,0,0,0,0,0.1
Sione Vaki,DET,RB,170.1,170.1,7.0,5.6,0.3,6.2,0.4,0,0,0,0,0,6.9,27.5,0.2,1.6,1.2,8.7,0.0,0.0
Trey Benson,ARI,RB,170.0,170.0,0.0,0.0,0.0,0.0,0.0,0,0,0,0,0,0,0,0,0,0,0,0,0
Eli Raridon,NE,TE,170.0,170.0,46.5,36.6,2.2,46.3,2.7,0,0,0,0,0,0,0,0,25.9,19.4,189.1,1.4,0.1
Isaac Guerendo,SF,RB,170.1,170.1,0.0,0.0,0.0,0.0,0.0,0,0,0,0,0,0,0,0,0,0,0,0,0
Ja'Tavion Sanders,CAR,TE,169.9,169.9,42.3,32.4,1.9,42.1,2.5,0,0,0,0,0,0,0,0,26.0,19.5,164.1,1.1,0.1
Bam Knight,ARI,RB,170.1,170.1,0.8,0.0,0.0,0.0,0.0,0,0,0,0,0,0,0,0,0,0,0,0,0
Erick All Jr.,CIN,TE,170.0,170.0,70.6,55.2,3.2,70.4,4.1,0,0,0,0,0,0,0,0,40.3,30.3,275.0,2.2,0.2
Bryce Lance,NO,WR,170.0,170.0,43.0,34.6,2.0,42.9,2.5,0,0,0,0,0,0,0,0,27.6,16.4,210.6,1.0,0.2
Joshua Palmer,BUF,WR,169.9,169.9,50.3,40.6,2.4,50.1,2.9,0,0,0,0,0,0,0,0,30.6,18.9,231.3,1.4,0.2
Rasheen Ali,BAL,RB,170.1,170.1,16.5,14.2,0.8,16.0,0.9,0,0,0,0,0,14.6,61.9,0.4,4.7,3.5,28.4,0.2,0.1
Tyler Badie,DEN,RB,170.1,170.1,0.4,0.0,0.0,0.0,0.0,0,0,0,0,0,0,0,0,0,0,0,0,0
Dylan Laube,LV,RB,170.1,170.1,0.7,0.0,0.0,0.0,0.0,0,0,0,0,0,0,0,0,0,0,0,0,0
Jonnu Smith,GB,TE,170.0,170.0,41.0,32.4,1.9,40.9,2.4,0,0,0,0,0,2.2,10.3,0.2,24.4,17.0,156.7,1.1,0.2
Ashton Dulin,IND,WR,170.0,170.0,31.7,24.9,1.5,30.0,1.8,0,0,0,0,0,4.2,26.3,0.2,16.1,10.2,127.9,0.6,0.1
Kalif Raymond,CHI,WR,170.0,170.0,48.1,36.9,2.2,46.6,2.7,0,0,0,0,0,4.5,26.8,0.2,26.0,19.4,187.5,0.9,0.2
Kaden Wetjen,PIT,WR,169.9,169.9,4.1,1.6,0.1,1.6,0.1,0,0,0,0,0,2.1,11.7,0.1,0,0,0,0,0.0
Barion Brown,NO,WR,170.0,170.0,20.8,15.1,0.9,18.7,1.1,0,0,0,0,0,0,0,0,12.2,7.2,91.4,0.4,0.1
Tez Johnson,TB,WR,170.0,170.0,21.6,18.1,1.1,21.4,1.3,0,0,0,0,0,4.4,23.2,0.2,10.7,6.7,77.5,0.6,0.1
Kevin Coleman Jr.,MIA,WR,170.1,170.1,67.0,53.3,3.1,66.9,3.9,0,0,0,0,0,0,0,0,45.2,27.1,352.0,0.9,0.3
Roman Wilson,PIT,WR,170.0,170.0,28.8,22.9,1.3,28.8,1.7,0,0,0,0,0,0,0,0,19.8,11.8,135.0,0.6,0.1
Isaiah Bond,CLE,WR,170.0,170.0,34.9,29.0,1.7,34.7,2.0,0,0,0,0,0,4.3,23.6,0.1,20.8,11.4,151.7,0.9,0.2
Tommy DeVito,NE,QB,169.9,169.9,10.3,10.2,0.6,10.2,0.6,22.5,14.6,150.1,1.0,0.4,1.9,9.5,0.1,0,0,0,0,0.1
Efton Chism III,NE,WR,170.0,170.0,10.1,7.8,0.5,9.5,0.6,0,0,0,0,0,0,0,0,5.2,3.5,42.7,0.3,0.0
Colbie Young,CIN,WR,170.0,170.0,29.6,24.2,1.4,29.5,1.7,0,0,0,0,0,0,0,0,17.3,10.6,131.2,1.0,0.1
Elic Ayomanor,TEN,WR,170.0,170.0,23.9,19.5,1.1,23.9,1.4,0,0,0,0,0,0,0,0,16.5,8.8,115.5,0.6,0.1
Luke Schoonmaker,DAL,TE,169.9,169.9,27.7,21.9,1.3,27.6,1.6,0,0,0,0,0,0,0,0,16.9,11.4,110.0,0.9,0.1
Max Klare,LAR,TE,170.0,170.0,9.9,7.9,0.5,9.9,0.6,0,0,0,0,0,0,0,0,5.6,4.0,38.0,0.4,0.0
Dohnte Meyers,CIN,WR,170.0,170.0,10.2,8.3,0.5,10.1,0.6,0,0,0,0,0,0,0,0,5.8,3.7,42.5,0.4,0.0
Tommy Tremble,CAR,TE,170.0,170.0,43.6,34.2,2.0,43.4,2.6,0,0,0,0,0,0,0,0,26.0,18.4,176.3,1.3,0.1
Kene Nwangwu,NYJ,RB,170.1,170.1,2.3,0.0,0.0,0.0,0.0,0,0,0,0,0,0,0,0,0,0,0,0,0
Malik Benson,LV,WR,170.0,170.0,56.5,45.1,2.7,56.4,3.3,0,0,0,0,0,0,0,0,38.1,22.6,287.1,0.9,0.2
Brenen Thompson,LAC,WR,170.0,170.0,27.5,22.7,1.3,27.5,1.6,0,0,0,0,0,2.1,11.3,0.1,15.9,9.5,121.6,0.7,0.1
Kendrick Bourne,ARI,WR,170.0,170.0,50.2,38.8,2.3,50.2,3.0,0,0,0,0,0,0,0,0,34.4,22.7,239.1,0.7,0.2
Chris Brazzell II,CAR,WR,170.0,170.0,0.0,0.0,0.0,0.0,0.0,0,0,0,0,0,0,0,0,0,0,0,0,0
Brock Wright,DET,TE,169.9,169.9,18.6,14.7,0.9,18.6,1.1,0,0,0,0,0,0,0,0,10.7,7.7,72.2,0.6,0.0
Jahdae Walker,CHI,WR,170.0,170.0,8.7,7.1,0.4,8.7,0.5,0,0,0,0,0,0,0,0,5.2,3.2,35.7,0.3,0.0
Jimmy Horn Jr.,CAR,WR,170.0,170.0,21.3,17.9,1.1,21.2,1.2,0,0,0,0,0,6.2,37.0,0.2,10.4,6.6,75.5,0.4,0.1
Tyson Bagent,CHI,QB,170.0,170.0,10.1,9.9,0.6,9.9,0.6,22.3,14.4,156.6,1.0,0.6,1.5,6.0,0.1,0,0,0,0,0.2
Oscar Delp,NO,TE,170.0,170.0,18.0,14.0,0.8,17.9,1.1,0,0,0,0,0,0,0,0,10.9,7.8,73.9,0.5,0.1
Jordan Whittington,LAR,WR,170.0,170.0,21.8,17.6,1.0,21.3,1.3,0,0,0,0,0,2.3,12.1,0.1,11.2,7.5,84.7,0.6,0.1
Joe Milton III,FA,QB,170.0,170.0,0.0,0.0,0.0,0.0,0.0,0,0,0,0,0,0,0,0,0,0,0,0,0
Cade Klubnik,NYJ,QB,170.0,170.0,8.2,8.0,0.5,8.0,0.5,21.8,13.2,143.8,0.8,0.8,1.5,6.7,0.1,0,0,0,0,0.2
Noah Fant,NO,TE,170.0,170.0,39.7,30.3,1.8,39.6,2.3,0,0,0,0,0,0,0,0,24.0,18.6,160.2,0.9,0.1
Isaiah Williams,NYJ,WR,170.0,170.0,31.1,21.6,1.3,27.5,1.6,0,0,0,0,0,2.2,12.7,0.1,16.6,11.8,114.5,0.4,0.1
Hunter Luepke,DAL,RB,170.0,170.0,25.1,20.7,1.2,25.0,1.5,0,0,0,0,0,13.4,56.4,0.4,11.3,8.6,61.6,0.4,0.1
Myles Price,MIN,WR,170.0,170.0,1.9,0.0,0.0,0.0,0.0,0,0,0,0,0,0,0,0,0,0,0,0,0
Elijah Higgins,ARI,TE,169.9,169.9,42.9,32.4,1.9,42.8,2.5,0,0,0,0,0,0,0,0,28.6,20.9,182.0,0.7,0.2
Charlie Kolar,LAC,TE,170.0,170.0,36.2,28.8,1.7,36.1,2.1,0,0,0,0,0,0,0,0,21.2,14.7,148.8,1.1,0.1
Josh Oliver,MIN,TE,170.0,170.0,38.6,30.1,1.8,38.4,2.3,0,0,0,0,0,0,0,0,22.1,16.8,150.9,1.1,0.1
Jawhar Jordan,FA,RB,170.1,170.1,0.0,0.0,0.0,0.0,0.0,0,0,0,0,0,0,0,0,0,0,0,0,0
Luke Musgrave,GB,TE,170.0,170.0,0.0,0.0,0.0,0.0,0.0,0,0,0,0,0,0,0,0,0,0,0,0,0
Devontez Walker,BAL,WR,170.0,170.0,43.9,36.6,2.2,43.8,2.6,0,0,0,0,0,0,0,0,23.3,14.5,208.5,1.5,0.1
Dyami Brown,WSH,WR,170.0,170.0,46.9,38.7,2.3,46.6,2.7,0,0,0,0,0,0,0,0,25.8,15.8,216.5,1.6,0.2
Jalen Royals,KC,WR,170.0,170.0,18.3,14.8,0.9,18.3,1.1,0,0,0,0,0,0,0,0,10.9,6.8,78.1,0.6,0.1
Marlin Klein,HOU,TE,170.0,170.0,8.9,6.9,0.4,8.8,0.5,0,0,0,0,0,0,0,0,5.5,4.0,35.8,0.2,0.0
CJ Daniels,LAR,WR,170.0,170.0,0.0,0.0,0.0,0.0,0.0,0,0,0,0,0,0,0,0,0,0,0,0,0
Austin Hooper,ATL,TE,170.0,170.0,43.4,33.1,1.9,43.3,2.5,0,0,0,0,0,0,0,0,27.4,20.6,181.2,0.8,0.1
Treylon Burks,WSH,WR,170.0,170.0,44.9,37.1,2.2,44.6,2.6,0,0,0,0,0,0,0,0,25.8,15.0,217.3,1.4,0.1
Marcus Mariota,WSH,QB,170.0,170.0,10.2,10.0,0.6,10.0,0.6,22.6,14.3,165.9,1.0,0.7,1.8,9.8,0.1,0,0,0,0,0.2
Jarrett Stidham,DEN,QB,170.0,170.0,10.4,10.3,0.6,10.3,0.6,22.2,13.7,161.4,1.1,0.6,1.6,6.8,0.0,0,0,0,0,0.2
Sam Roush,CHI,TE,170.0,170.0,8.7,6.9,0.4,8.7,0.5,0,0,0,0,0,0,0,0,5.2,3.7,33.9,0.3,0.0
Phil Mafah,FA,RB,170.0,170.0,0.0,0.0,0.0,0.0,0.0,0,0,0,0,0,0,0,0,0,0,0,0,0
Calvin Austin III,NYG,WR,170.0,170.0,0.0,0.0,0.0,0.0,0.0,0,0,0,0,0,0,0,0,0,0,0,0,0
Will Howard,PIT,QB,170.0,170.0,0.0,0.0,0.0,0.0,0.0,0,0,0,0,0,0,0,0,0,0,0,0,0
Olamide Zaccheaus,ATL,WR,170.0,170.0,32.3,24.9,1.5,32.0,1.9,0,0,0,0,0,0,0,0,21.9,14.3,142.3,0.6,0.2
Tai Felton,MIN,WR,170.0,170.0,9.0,6.9,0.4,8.8,0.5,0,0,0,0,0,0,0,0,5.5,3.7,37.0,0.2,0.0
Kyle Allen,BUF,QB,170.0,170.0,8.1,7.9,0.5,7.9,0.5,21.9,13.2,138.3,0.9,0.7,1.1,2.9,0.0,0,0,0,0,0.2
Konata Mumpfield,LAR,WR,170.0,170.0,19.5,16.1,0.9,19.4,1.1,0,0,0,0,0,0,0,0,11.2,6.6,83.7,0.8,0.1
Jonathan Mingo,DAL,WR,170.0,170.0,8.4,6.9,0.4,8.4,0.5,0,0,0,0,0,0,0,0,5.6,2.9,40.5,0.3,0.0
Sam Howell,DAL,QB,170.0,170.0,9.5,9.4,0.6,9.4,0.6,21.9,13.8,144.3,1.0,0.7,1.3,6.9,0.1,0,0,0,0,0.1
Kenny Pickett,CAR,QB,170.0,170.0,9.1,9.0,0.5,9.0,0.5,22.5,14.1,153.5,0.9,0.5,1.3,3.7,0.0,0,0,0,0,0.2
Bo Melton,GB,WR,170.0,170.0,16.1,13.4,0.8,15.9,0.9,0,0,0,0,0,2.2,12.7,0.1,9.1,5.1,65.8,0.4,0.1
Tanner McKee,PHI,QB,170.0,170.0,9.5,9.4,0.6,9.4,0.6,21.6,13.7,152.9,1.0,0.5,1.0,3.7,0.0,0,0,0,0,0.1
Nick Westbrook-Ikhine,FA,WR,170.0,170.0,0.0,0.0,0.0,0.0,0.0,0,0,0,0,0,0,0,0,0,0,0,0,0
Stetson Bennett IV,LAR,QB,170.0,170.0,0.0,0.0,0.0,0.0,0.0,0,0,0,0,0,0,0,0,0,0,0,0,0
Demarcus Robinson,SF,WR,170.0,170.0,19.0,15.6,0.9,18.9,1.1,0,0,0,0,0,0,0,0,10.5,6.6,87.8,0.6,0.1
Tyrod Taylor,GB,QB,170.0,170.0,9.5,9.4,0.6,9.4,0.6,20.3,13.0,137.6,0.9,0.5,2.3,12.6,0.1,0,0,0,0,0.2
Braxton Berrios,FA,WR,170.0,170.0,2.5,0.0,0.0,0.0,0.0,0,0,0,0,0,0,0,0,0,0,0,0,0
Drew Sample,CIN,TE,170.0,170.0,48.5,37.5,2.2,48.4,2.8,0,0,0,0,0,0,0,0,28.8,21.7,183.3,1.4,0.2
Adam Trautman,DEN,TE,170.0,170.0,38.4,30.5,1.8,38.3,2.3,0,0,0,0,0,0,0,0,22.6,15.6,151.4,1.3,0.1
Drew Lock,SEA,QB,170.0,170.0,8.0,7.9,0.5,7.9,0.5,21.1,12.9,134.3,0.8,0.6,1.2,5.2,0.0,0,0,0,0,0.2
Jackson Hawes,BUF,TE,170.0,170.0,27.5,21.8,1.3,27.3,1.6,0,0,0,0,0,0,0,0,15.3,11.1,110.2,0.9,0.1
Jalon Daniels,TB,QB,169.9,169.9,10.5,10.3,0.6,10.3,0.6,22.3,14.5,160.2,1.0,0.5,1.3,5.5,0.1,0,0,0,0,0.2
