name,team,position,half_ppr_adp,full_ppr_adp,projected_fantasy_points,half_ppr_season,half_ppr_per_game,full_ppr_season,full_ppr_per_game,pass_attempts,pass_completions,pass_yards,pass_tds,interceptions,rush_attempts,rush_yards,rush_tds,receptions,rec_yards,rec_tds,fumbles_lost
Jahmyr Gibbs,DET,RB,1.3,1.0,331.4,297.9,17.5,329.4,19.4,0,0,0,0,0,255.0,1251.0,12.0,63.0,533.0,3.0,1.0
Bijan Robinson,ATL,RB,2.9,2.9,324.9,290.9,17.1,322.9,19.0,0,0,0,0,0,280.0,1372.0,9.0,64.0,537.0,3.0,2.0
Ja'Marr Chase,CIN,WR,3.0,3.2,311.1,254.6,15.0,309.1,18.2,0,0,0,0,0,3.0,16.0,0,109.0,1345.0,11.0,1.0
Christian McCaffrey,SF,RB,4.0,5.1,291.0,256.0,15.1,291.0,17.1,0,0,0,0,0,240.0,984.0,7.0,70.0,606.0,4.0,2.0
Jonathan Taylor,IND,RB,5.6,7.4,272.3,252.3,14.8,270.3,15.9,0,0,0,0,0,287.0,1385.0,11.0,36.0,278.0,1.0,2.0
Puka Nacua,LAR,WR,5.8,4.8,312.5,257.0,15.1,310.5,18.3,0,0,0,0,0,10.0,55.0,0,107.0,1400.0,10.0,1.0
Amon-Ra St. Brown,DET,WR,7.9,8.8,280.5,225.5,13.3,278.5,16.4,0,0,0,0,0,3.0,16.0,0,106.0,1249.0,8.0,1.0
Jaxon Smith-Njigba,SEA,WR,8.4,5.2,284.6,233.1,13.7,282.6,16.6,0,0,0,0,0,6.0,33.0,0,99.0,1343.0,8.0,1.0
James Cook,BUF,RB,9.9,9.9,260.8,243.3,14.3,258.8,15.2,0,0,0,0,0,264.0,1270.0,11.0,31.0,268.0,2.0,2.0
Saquon Barkley,PHI,RB,10.8,11.2,246.7,226.2,13.3,244.7,14.4,0,0,0,0,0,271.0,1220.0,8.0,37.0,277.0,2.0,1.0
Justin Jefferson,MIN,WR,11.3,11.3,250.4,205.4,12.1,250.4,14.7,0,0,0,0,0,1.0,6.0,0,90.0,1178.0,7.0,0
CeeDee Lamb,DAL,WR,11.6,10.4,270.5,220.5,13.0,268.5,15.8,0,0,0,0,0,3.0,16.0,0,96.0,1249.0,8.0,1.0
De'Von Achane,MIA,RB,13.1,13.8,257.4,229.9,13.5,257.4,15.1,0,0,0,0,0,239.0,1168.0,6.0,55.0,416.0,2.0,2.0
Derrick Henry,BAL,RB,14.2,19.8,246.9,236.4,13.9,244.9,14.4,0,0,0,0,0,281.0,1406.0,12.0,17.0,133.0,1.0,2.0
Ashton Jeanty,LV,RB,15.2,14.3,233.9,211.4,12.4,233.9,13.8,0,0,0,0,0,244.0,1048.0,7.0,45.0,341.0,2.0,2.0
Omarion Hampton,LAC,RB,16.5,15.7,242.9,218.9,12.9,242.9,14.3,0,0,0,0,0,232.0,1025.0,8.0,48.0,364.0,2.0,2.0
Chase Brown,CIN,RB,17.6,16.8,255.2,226.7,13.3,255.2,15.0,0,0,0,0,0,220.0,945.0,8.0,57.0,417.0,3.0,2.0
Kenneth Walker,KC,RB,18.0,20.0,244.0,225.5,13.3,244.0,14.4,0,0,0,0,0,259.0,1158.0,9.0,37.0,272.0,2.0,1.0
A.J. Brown,NE,WR,19.2,17.5,247.2,205.7,12.1,245.2,14.4,0,0,0,0,0,1.0,6.0,0,79.0,1176.0,8.0,0
Josh Allen,BUF,QB,20.8,21.0,361.5,347.5,20.4,347.5,20.4,474.0,313.0,3650.0,27.0,10.0,110.0,535.0,11.0,0,0,0,3.0
Drake London,ATL,WR,21.6,17.8,250.2,203.2,12.0,248.2,14.6,0,0,0,0,0,1.0,6.0,0,90.0,1156.0,7.0,0
Nico Collins,HOU,WR,22.7,25.0,262.0,218.0,12.8,260.0,15.3,0,0,0,0,0,3.0,18.0,0,84.0,1262.0,8.0,0
Kyren Williams,LAR,RB,23.7,28.1,208.0,192.0,11.3,208.0,12.2,0,0,0,0,0,228.0,981.0,8.0,32.0,219.0,2.0,2.0
Brock Bowers,LV,TE,23.9,23.7,253.5,200.5,11.8,251.5,14.8,0,0,0,0,0,4.0,18.0,0,102.0,1077.0,7.0,1.0
George Pickens,DAL,WR,25.7,22.6,245.7,203.7,12.0,243.7,14.3,0,0,0,0,0,1.0,6.0,0,80.0,1211.0,7.0,0
Trey McBride,ARI,TE,26.6,23.5,234.9,184.9,10.9,232.9,13.7,0,0,0,0,0,0,0,0,96.0,969.0,7.0,1.0
Jeremiyah Love,ARI,RB,27.4,27.6,211.8,188.3,11.1,211.8,12.5,0,0,0,0,0,205.0,897.0,5.0,47.0,351.0,2.0,1.0
Malik Nabers,NYG,WR,28.0,26.0,236.7,191.7,11.3,234.7,13.8,0,0,0,0,0,3.0,17.0,0,86.0,1110.0,6.0,0
Rashee Rice,KC,WR,29.6,29.0,229.3,183.3,10.8,227.3,13.4,0,0,0,0,0,6.0,29.0,0,88.0,964.0,7.0,1.0
Chris Olave,NO,WR,29.9,29.2,235.9,192.9,11.3,233.9,13.8,0,0,0,0,0,1.0,6.0,0,82.0,1093.0,7.0,0
Breece Hall,NYJ,RB,31.8,34.2,211.0,192.5,11.3,211.0,12.4,0,0,0,0,0,220.0,986.0,6.0,37.0,314.0,2.0,2.0
Javonte Williams,DAL,RB,32.0,33.5,212.0,193.0,11.4,212.0,12.5,0,0,0,0,0,246.0,1034.0,7.0,38.0,246.0,1.0,1.0
DeVonta Smith,PHI,WR,33.1,32.3,229.2,189.2,11.1,229.2,13.5,0,0,0,0,0,1.0,6.0,0,80.0,1066.0,7.0,0
Lamar Jackson,BAL,QB,34.5,31.3,326.0,316.0,18.6,316.0,18.6,415.0,270.0,3380.0,27.0,8.0,119.0,668.0,5.0,0,0,0,4.0
Tetairoa McMillan,CAR,WR,35.2,37.6,223.0,182.5,10.7,221.0,13.0,0,0,0,0,0,1.0,6.0,0,77.0,1074.0,6.0,0
Ladd McConkey,LAC,WR,35.3,35.6,228.2,187.7,11.0,228.2,13.4,0,0,0,0,0,2.0,12.0,0,81.0,1040.0,7.0,0
Cam Skattebo,NYG,RB,37.1,41.1,201.2,180.2,10.6,201.2,11.8,0,0,0,0,0,214.0,891.0,6.0,42.0,301.0,1.0,1.0
Tee Higgins,CIN,WR,38.2,35.8,224.4,184.9,10.9,222.4,13.1,0,0,0,0,0,1.0,6.0,0,75.0,1048.0,7.0,0
Josh Jacobs,GB,RB,39.8,38.1,87.2,78.2,4.6,85.2,5.0,0,0,0,0,0,93.0,390.0,3.0,14.0,102.0,1.0,1.0
Travis Etienne,NO,RB,40.4,44.2,207.7,187.7,11.0,205.7,12.1,0,0,0,0,0,226.0,950.0,6.0,36.0,287.0,2.0,1.0
Zay Flowers,BAL,WR,41.1,41.1,228.2,187.7,11.0,228.2,13.4,0,0,0,0,0,5.0,29.0,0,81.0,1103.0,6.0,1.0
Emeka Egbuka,TB,WR,41.7,39.1,224.0,185.5,10.9,224.0,13.2,0,0,0,0,0,3.0,21.0,0,77.0,1029.0,7.0,0
Colston Loveland,CHI,TE,43.5,40.2,215.4,173.4,10.2,215.4,12.7,0,0,0,0,0,1.0,4.0,0,84.0,950.0,6.0,0
David Montgomery,HOU,RB,44.5,47.0,206.1,190.1,11.2,206.1,12.1,0,0,0,0,0,236.0,986.0,8.0,32.0,235.0,1.0,1.0
Garrett Wilson,NYJ,WR,45.9,46.0,224.9,183.4,10.8,224.9,13.2,0,0,0,0,0,3.0,16.0,0,83.0,1043.0,6.0,0
Jaylen Waddle,DEN,WR,46.2,45.1,221.0,182.5,10.7,221.0,13.0,0,0,0,0,0,3.0,18.0,0,77.0,1002.0,7.0,0
Bucky Irving,TB,RB,47.1,43.6,197.3,179.3,10.5,197.3,11.6,0,0,0,0,0,211.0,902.0,6.0,36.0,271.0,2.0,2.0
D'Andre Swift,CHI,RB,47.9,51.4,208.0,189.5,11.1,208.0,12.2,0,0,0,0,0,217.0,978.0,7.0,37.0,272.0,1.0,1.0
Quinshon Judkins,CLE,RB,49.5,53.9,196.0,180.0,10.6,196.0,11.5,0,0,0,0,0,244.0,1012.0,6.0,32.0,228.0,1.0,1.0
Tyler Warren,IND,TE,50.3,49.1,201.1,159.6,9.4,201.1,11.8,0,0,0,0,0,5.0,19.0,0,83.0,862.0,5.0,0
Drake Maye,NE,QB,51.9,47.5,320.8,307.8,18.1,307.8,18.1,505.0,344.0,3854.0,29.0,11.0,85.0,416.0,4.0,0,0,0,3.0
DJ Moore,BUF,WR,52.4,53.9,179.0,147.5,8.7,179.0,10.5,0,0,0,0,0,5.0,29.0,0,63.0,851.0,5.0,1.0
Joe Burrow,CIN,QB,53.3,52.7,306.1,292.1,17.2,292.1,17.2,549.0,377.0,4008.0,33.0,10.0,46.0,138.0,2.0,0,0,0,3.0
Terry McLaurin,WAS,WR,53.5,56.4,213.8,176.8,10.4,213.8,12.6,0,0,0,0,0,1.0,7.0,0,74.0,1031.0,6.0,0
Davante Adams,LAR,WR,55.3,50.9,192.5,159.0,9.4,190.5,11.2,0,0,0,0,0,0,0,0,63.0,795.0,8.0,0
TreVeyon Henderson,NE,RB,56.0,57.5,171.0,153.5,9.0,171.0,10.1,0,0,0,0,0,170.0,760.0,5.0,35.0,260.0,1.0,1.0
Jadarian Price,SEA,RB,57.5,63.4,170.0,160.5,9.4,170.0,10.0,0,0,0,0,0,212.0,912.0,7.0,19.0,138.0,1.0,1.0
Jameson Williams,DET,WR,58.5,59.2,206.2,176.2,10.4,206.2,12.1,0,0,0,0,0,8.0,44.0,0,60.0,998.0,7.0,0
Luther Burden,CHI,WR,59.2,55.2,209.0,173.0,10.2,209.0,12.3,0,0,0,0,0,10.0,61.0,0,72.0,889.0,7.0,0
Bhayshul Tuten,JAX,RB,59.5,61.5,174.8,158.8,9.3,174.8,10.3,0,0,0,0,0,184.0,794.0,6.0,32.0,234.0,1.0,1.0
Jalen Hurts,PHI,QB,61.6,59.2,310.5,300.5,17.7,300.5,17.7,462.0,300.0,3326.0,21.0,8.0,120.0,515.0,9.0,0,0,0,3.0
Mike Evans,SF,WR,62.0,62.0,222.2,185.2,10.9,220.2,13.0,0,0,0,0,0,0,0,0,70.0,1022.0,8.0,0
Sam LaPorta,DET,TE,63.2,58.6,196.5,158.5,9.3,196.5,11.6,0,0,0,0,0,1.0,3.0,0,76.0,842.0,6.0,0
Rome Odunze,CHI,WR,64.2,65.1,207.9,173.9,10.2,207.9,12.2,0,0,0,0,0,1.0,6.0,0,68.0,973.0,7.0,0
Christian Watson,GB,WR,65.0,69.0,207.6,176.1,10.4,207.6,12.2,0,0,0,0,0,2.0,14.0,0,63.0,1012.0,7.0,0
Tucker Kraft,GB,TE,65.4,64.6,174.4,140.9,8.3,174.4,10.3,0,0,0,0,0,0,0,0,67.0,774.0,5.0,0
Jaylen Warren,PIT,RB,67.5,71.2,170.6,152.6,9.0,170.6,10.0,0,0,0,0,0,172.0,759.0,5.0,36.0,267.0,1.0,2.0
Carnell Tate,TEN,WR,68.6,67.0,177.3,144.8,8.5,177.3,10.4,0,0,0,0,0,2.0,10.0,0,65.0,813.0,5.0,0
Jayden Daniels,WAS,QB,69.2,66.0,308.7,297.7,17.5,297.7,17.5,479.0,318.0,3328.0,21.0,9.0,126.0,686.0,6.0,0,0,0,3.0
Parker Washington,JAX,WR,70.5,73.0,212.4,174.4,10.3,210.4,12.4,0,0,0,0,0,10.0,58.0,0,72.0,906.0,7.0,0
Rhamondre Stevenson,NE,RB,71.6,81.0,169.0,154.5,9.1,169.0,9.9,0,0,0,0,0,183.0,786.0,6.0,29.0,214.0,1.0,1.0
Kyle Pitts,ATL,TE,71.6,68.5,171.6,138.6,8.2,171.6,10.1,0,0,0,0,0,0,0,0,66.0,756.0,5.0,0
Marvin Harrison,ARI,WR,73.3,76.6,186.2,155.2,9.1,186.2,11.0,0,0,0,0,0,0,0,0,62.0,882.0,6.0,0
Caleb Williams,CHI,QB,74.6,71.1,299.3,287.3,16.9,287.3,16.9,514.0,316.0,3651.0,28.0,10.0,75.0,373.0,3.0,0,0,0,3.0
Brian Thomas,JAX,WR,75.8,74.0,195.4,164.4,9.7,195.4,11.5,0,0,0,0,0,3.0,17.0,0,62.0,897.0,7.0,0
Harold Fannin,CLE,TE,76.6,70.8,180.4,143.4,8.4,180.4,10.6,0,0,0,0,0,6.0,25.0,0,74.0,739.0,5.0,0
DK Metcalf,PIT,WR,77.1,75.5,183.3,152.3,9.0,183.3,10.8,0,0,0,0,0,2.0,10.0,0,62.0,843.0,6.0,0
Tony Pollard,TEN,RB,77.8,83.8,160.1,146.1,8.6,160.1,9.4,0,0,0,0,0,189.0,794.0,5.0,28.0,187.0,1.0,1.0
Chuba Hubbard,CAR,RB,79.1,77.9,147.9,136.9,8.1,147.9,8.7,0,0,0,0,0,181.0,766.0,5.0,22.0,153.0,1.0,1.0
Justin Herbert,LAC,QB,80.9,82.4,295.5,283.5,16.7,283.5,16.7,533.0,355.0,3842.0,26.0,10.0,70.0,338.0,3.0,0,0,0,3.0
Courtland Sutton,DEN,WR,81.2,80.1,174.3,144.8,8.5,174.3,10.3,0,0,0,0,0,0,0,0,59.0,793.0,6.0,0
RJ Harvey,DEN,RB,82.9,79.7,144.1,125.6,7.4,144.1,8.5,0,0,0,0,0,124.0,515.0,3.0,37.0,276.0,2.0,1.0
Rico Dowdle,PIT,RB,83.4,86.9,161.1,142.1,8.4,161.1,9.5,0,0,0,0,0,159.0,678.0,4.0,38.0,273.0,1.0,1.0
George Kittle,SF,TE,83.4,83.9,169.3,138.3,8.1,169.3,10.0,0,0,0,0,0,0,0,0,62.0,713.0,6.0,0
J.K. Dobbins,DEN,RB,85.1,92.7,160.2,147.2,8.7,160.2,9.4,0,0,0,0,0,171.0,732.0,6.0,26.0,190.0,1.0,0
Dak Prescott,DAL,QB,86.3,77.4,303.9,286.9,16.9,286.9,16.9,580.0,389.0,4292.0,31.0,13.0,44.0,152.0,1.0,0,0,0,2.0
Jonathon Brooks,CAR,RB,87.0,99.6,154.9,137.9,8.1,154.9,9.1,0,0,0,0,0,160.0,684.0,4.0,34.0,245.0,1.0,1.0
Makai Lemon,PHI,WR,88.5,89.3,168.5,138.5,8.1,168.5,9.9,0,0,0,0,0,2.0,10.0,0,60.0,775.0,5.0,0
Chris Godwin,TB,WR,89.8,93.8,173.6,139.6,8.2,173.6,10.2,0,0,0,0,0,1.0,6.0,0,68.0,750.0,5.0,0
Michael Wilson,ARI,WR,89.8,85.1,166.0,136.5,8.0,166.0,9.8,0,0,0,0,0,1.0,6.0,0,59.0,764.0,5.0,0
Dalton Kincaid,BUF,TE,91.7,87.4,163.6,130.6,7.7,163.6,9.6,0,0,0,0,0,0,0,0,66.0,736.0,4.0,0
Blake Corum,LAR,RB,92.2,101.0,135.3,127.8,7.5,135.3,8.0,0,0,0,0,0,172.0,757.0,6.0,15.0,106.0,0,1.0
Alec Pierce,IND,WR,93.5,97.5,177.9,150.9,8.9,177.9,10.5,0,0,0,0,0,1.0,7.0,0,54.0,872.0,6.0,0
Travis Kelce,KC,TE,94.6,89.2,171.4,136.4,8.0,171.4,10.1,0,0,0,0,0,0,0,0,70.0,714.0,5.0,0
Jordan Mason,MIN,RB,95.7,110.8,153.7,143.7,8.5,153.7,9.0,0,0,0,0,0,190.0,797.0,6.0,20.0,140.0,1.0,1.0
Kyle Monangai,CHI,RB,96.0,103.6,154.6,143.1,8.4,154.6,9.1,0,0,0,0,0,166.0,751.0,6.0,23.0,165.0,1.0,1.0
Trevor Lawrence,JAX,QB,98.8,100.7,303.4,289.4,17.0,289.4,17.0,522.0,329.0,3788.0,26.0,12.0,79.0,339.0,5.0,0,0,0,3.0
Jacory Croskey-Merritt,WAS,RB,99.5,115.1,127.9,118.4,7.0,127.9,7.5,0,0,0,0,0,141.0,614.0,5.0,19.0,135.0,1.0,1.0
Jordan Addison,MIN,WR,100.9,101.6,171.7,141.7,8.3,171.7,10.1,0,0,0,0,0,4.0,22.0,0,60.0,795.0,5.0,0
Jayden Reed,GB,WR,101.5,109.2,197.6,162.6,9.6,197.6,11.6,0,0,0,0,0,14.0,83.0,0,70.0,853.0,6.0,1.0
Quentin Johnston,LAC,WR,101.8,113.2,163.9,134.9,7.9,163.9,9.6,0,0,0,0,0,2.0,11.0,0,58.0,748.0,5.0,0
Michael Pittman,PIT,WR,103.4,104.6,170.9,136.4,8.0,170.9,10.1,0,0,0,0,0,1.0,7.0,0,69.0,772.0,4.0,0
Matthew Stafford,LAR,QB,105.6,95.4,280.2,265.2,15.6,265.2,15.6,528.0,343.0,4033.0,32.0,11.0,27.0,19.0,0,0,0,0,2.0
Jaxson Dart,NYG,QB,106.7,94.1,296.5,282.5,16.6,282.5,16.6,495.0,322.0,3366.0,22.0,12.0,106.0,539.0,6.0,0,0,0,3.0
Kenny Gainwell,TB,RB,107.0,112.3,152.3,128.8,7.6,152.3,9.0,0,0,0,0,0,99.0,418.0,3.0,47.0,355.0,2.0,1.0
Isaiah Likely,NYG,TE,108.0,107.9,157.3,126.3,7.4,157.3,9.3,0,0,0,0,0,0,0,0,62.0,653.0,5.0,0
Stefon Diggs,WAS,WR,109.8,107.9,157.3,125.3,7.4,157.3,9.3,0,0,0,0,0,1.0,6.0,0,64.0,687.0,4.0,0
Jordyn Tyson,NO,WR,110.4,105.4,111.0,90.5,5.3,111.0,6.5,0,0,0,0,0,1.0,6.0,0,41.0,514.0,3.0,0
KC Concepcion,CLE,WR,111.0,119.3,156.4,127.4,7.5,156.4,9.2,0,0,0,0,0,9.0,54.0,0,58.0,710.0,4.0,1.0
Josh Downs,IND,WR,112.8,113.7,172.3,137.3,8.1,172.3,10.1,0,0,0,0,0,2.0,13.0,0,70.0,770.0,4.0,0
Jake Ferguson,DAL,TE,113.5,98.4,159.8,124.8,7.3,159.8,9.4,0,0,0,0,0,0,0,0,70.0,618.0,5.0,1.0
Patrick Mahomes,KC,QB,115.5,111.2,286.7,272.7,16.0,272.7,16.0,555.0,370.0,3962.0,29.0,12.0,47.0,202.0,1.0,0,0,0,2.0
De'Zhaun Stribling,SF,WR,116.3,137.3,128.4,105.4,6.2,128.4,7.6,0,0,0,0,0,0,0,0,46.0,584.0,4.0,0
Aaron Jones,MIN,RB,117.4,127.1,137.1,120.1,7.1,137.1,8.1,0,0,0,0,0,131.0,563.0,3.0,34.0,248.0,1.0,1.0
Bo Nix,DEN,QB,118.1,117.2,295.7,281.7,16.6,281.7,16.6,555.0,366.0,3768.0,26.0,12.0,76.0,330.0,4.0,0,0,0,3.0
Matthew Golden,GB,WR,119.0,125.4,170.0,141.0,8.3,170.0,10.0,0,0,0,0,0,8.0,51.0,0,58.0,769.0,5.0,0
Wan'Dale Robinson,TEN,WR,119.1,119.4,170.7,135.2,8.0,170.7,10.0,0,0,0,0,0,3.0,16.0,0,71.0,741.0,4.0,0
Mark Andrews,BAL,TE,122.1,128.5,162.5,132.5,7.8,162.5,9.6,0,0,0,0,0,6.0,12.0,0,60.0,653.0,6.0,0
Rachaad White,WAS,RB,123.5,133.4,128.1,111.1,6.5,128.1,7.5,0,0,0,0,0,114.0,468.0,3.0,34.0,253.0,1.0,1.0
Dallas Goedert,PHI,TE,124.8,121.4,136.0,109.5,6.4,136.0,8.0,0,0,0,0,0,0,0,0,53.0,590.0,4.0,0
Chris Rodriguez,JAX,RB,125.2,139.1,132.5,125.0,7.4,132.5,7.8,0,0,0,0,0,171.0,728.0,6.0,15.0,107.0,0,1.0
Brock Purdy,SF,QB,125.9,122.5,303.2,286.2,16.8,286.2,16.8,494.0,333.0,3900.0,30.0,13.0,64.0,242.0,3.0,0,0,0,3.0
Xavier Worthy,KC,WR,127.1,137.6,161.5,134.0,7.9,161.5,9.5,0,0,0,0,0,17.0,90.0,1.0,55.0,695.0,4.0,1.0
Romeo Doubs,NE,WR,128.0,131.5,161.2,132.7,7.8,161.2,9.5,0,0,0,0,0,0,0,0,57.0,742.0,5.0,0
Tyler Allgeier,ARI,RB,130.2,142.3,77.2,72.7,4.3,77.2,4.5,0,0,0,0,0,109.0,460.0,3.0,9.0,62.0,0,1.0
Jakobi Meyers,JAX,WR,131.6,125.6,169.3,137.3,8.1,169.3,10.0,0,0,0,0,0,4.0,21.0,0,64.0,732.0,5.0,0
Deebo Samuel,SF,WR,131.6,130.2,155.7,127.7,7.5,155.7,9.2,0,0,0,0,0,17.0,89.0,1.0,56.0,628.0,4.0,1.0
MarShawn Lloyd,GB,RB,136.7,159.3,149.0,137.0,8.1,149.0,8.8,0,0,0,0,0,180.0,753.0,5.0,24.0,177.0,1.0,2.0
Mike Washington,LV,RB,137.7,160.4,97.5,89.5,5.3,97.5,5.7,0,0,0,0,0,111.0,458.0,3.0,16.0,117.0,1.0,0
Woody Marks,HOU,RB,141.6,148.0,83.8,74.3,4.4,83.8,4.9,0,0,0,0,0,86.0,351.0,2.0,19.0,137.0,1.0,1.0
Zach Charbonnet,SEA,RB,142.8,149.7,67.2,61.7,3.6,67.2,4.0,0,0,0,0,0,65.0,264.0,3.0,11.0,78.0,1.0,1.0
Ja'Kobi Lane,BAL,WR,143.0,161.0,104.9,87.4,5.1,104.9,6.2,0,0,0,0,0,1.0,6.0,0,35.0,453.0,4.0,0
Jared Goff,DET,QB,143.4,131.9,283.5,269.5,15.9,269.5,15.9,533.0,362.0,4104.0,30.0,10.0,29.0,53.0,1.0,0,0,0,3.0
Jalen Coker,CAR,WR,145.2,147.9,165.9,135.9,8.0,165.9,9.8,0,0,0,0,0,1.0,6.0,0,60.0,753.0,5.0,0
Jonah Coleman,DEN,RB,147.3,166.3,63.9,58.9,3.5,63.9,3.8,0,0,0,0,0,72.0,304.0,2.0,10.0,75.0,1.0,1.0
Hunter Henry,NE,TE,148.9,141.8,153.5,124.5,7.3,153.5,9.0,0,0,0,0,0,0,0,0,58.0,655.0,5.0,0
Kyler Murray,MIN,QB,149.0,151.8,283.1,271.1,15.9,271.1,15.9,498.0,333.0,3519.0,22.0,10.0,88.0,503.0,3.0,0,0,0,3.0
Rashid Shaheed,SEA,WR,149.5,149.5,138.1,115.6,6.8,138.1,8.1,0,0,0,0,0,8.0,46.0,0,45.0,665.0,4.0,1.0
Tyrone Tracy,NYG,RB,152.2,174.0,111.3,100.8,5.9,111.3,6.5,0,0,0,0,0,124.0,528.0,3.0,21.0,155.0,1.0,1.0
Khalil Shakir,BUF,WR,153.0,143.9,170.7,135.2,8.0,170.7,10.0,0,0,0,0,0,2.0,10.0,0,71.0,747.0,4.0,0
Baker Mayfield,TB,QB,156.0,144.0,274.9,259.9,15.3,259.9,15.3,526.0,343.0,3682.0,26.0,13.0,63.0,306.0,2.0,0,0,0,4.0
Alvin Kamara,NO,RB,159.7,167.2,63.0,53.0,3.1,63.0,3.7,0,0,0,0,0,45.0,185.0,1.0,20.0,145.0,1.0,1.0
Kaelon Black,SF,RB,161.3,195.8,42.3,39.3,2.3,42.3,2.5,0,0,0,0,0,49.0,200.0,2.0,6.0,43.0,0,0
Juwan Johnson,NO,TE,162.0,179.7,140.9,112.9,6.6,140.9,8.3,0,0,0,0,0,0,0,0,56.0,609.0,4.0,0
Tank Bigsby,PHI,RB,163.6,179.0,65.2,61.2,3.6,65.2,3.8,0,0,0,0,0,82.0,353.0,3.0,8.0,59.0,0,1.0
Jordan Love,GB,QB,164.2,153.5,278.5,266.5,15.7,266.5,15.7,501.0,328.0,3808.0,27.0,10.0,51.0,202.0,2.0,0,0,0,3.0
Keaton Mitchell,LAC,RB,166.3,185.2,96.9,87.9,5.2,96.9,5.7,0,0,0,0,0,88.0,435.0,3.0,18.0,134.0,1.0,1.0
Jalen Nailor,LV,WR,167.7,183.8,130.6,107.6,6.3,130.6,7.7,0,0,0,0,0,3.0,19.0,0,46.0,587.0,4.0,0
Tyjae Spears,TEN,RB,169.4,164.8,114.6,97.1,5.7,114.6,6.7,0,0,0,0,0,92.0,388.0,2.0,35.0,248.0,1.0,1.0
Brenton Strange,JAX,TE,170.1,155.7,161.0,129.5,7.6,161.0,9.5,0,0,0,0,0,0,0,0,63.0,680.0,5.0,0
Denzel Boston,CLE,WR,171.1,171.6,134.7,108.2,6.4,134.7,7.9,0,0,0,0,0,2.0,13.0,0,53.0,624.0,3.0,0
Oronde Gadsden,LAC,TE,173.2,146.4,141.8,113.8,6.7,141.8,8.3,0,0,0,0,0,0,0,0,56.0,618.0,4.0,0
Brian Robinson,ATL,RB,175.7,172.7,69.9,63.4,3.7,69.9,4.1,0,0,0,0,0,87.0,358.0,2.0,13.0,91.0,0,0
Kayshon Boutte,HOU,WR,176.6,198.0,125.2,104.7,6.2,125.2,7.4,0,0,0,0,0,0,0,0,41.0,602.0,4.0,0
Keenan Allen,IND,WR,177.1,200.8,106.8,84.8,5.0,106.8,6.3,0,0,0,0,0,0,0,0,44.0,448.0,3.0,0
Malik Washington,MIA,WR,179.0,176.8,131.3,107.3,6.3,131.3,7.7,0,0,0,0,0,22.0,121.0,1.0,48.0,472.0,3.0,0
Emmett Johnson,KC,RB,179.5,208.1,65.2,59.2,3.5,65.2,3.8,0,0,0,0,0,67.0,286.0,2.0,12.0,86.0,1.0,1.0
Tre Tucker,LV,WR,181.8,202.7,125.9,102.9,6.1,125.9,7.4,0,0,0,0,0,7.0,37.0,0,46.0,582.0,3.0,0
Cyrus Allen,KC,WR,182.8,177.7,94.5,77.5,4.6,94.5,5.6,0,0,0,0,0,0,0,0,34.0,425.0,3.0,0
T.J. Hockenson,MIN,TE,183.9,165.3,155.0,122.0,7.2,155.0,9.1,0,0,0,0,0,0,0,0,66.0,650.0,4.0,0
Sam Darnold,SEA,QB,184.5,163.0,262.7,248.7,14.6,248.7,14.6,478.0,317.0,3676.0,26.0,12.0,44.0,157.0,2.0,0,0,0,3.0
Braelon Allen,NYJ,RB,185.4,203.9,52.2,47.2,2.8,52.2,3.1,0,0,0,0,0,57.0,233.0,2.0,10.0,69.0,0,0
Tyler Shough,NO,QB,187.8,188.1,270.9,256.9,15.1,256.9,15.1,539.0,354.0,3666.0,22.0,12.0,84.0,343.0,3.0,0,0,0,3.0
Isiah Pacheco,DET,RB,189.9,191.1,53.6,48.6,2.9,53.6,3.2,0,0,0,0,0,67.0,263.0,2.0,10.0,73.0,0,1.0
Malik Willis,MIA,QB,190.5,209.7,270.1,261.1,15.4,261.1,15.4,419.0,271.0,2848.0,17.0,9.0,125.0,712.0,5.0,0,0,0,2.0
Chig Okonkwo,WAS,TE,191.4,191.5,144.1,113.6,6.7,144.1,8.5,0,0,0,0,0,0,0,0,61.0,591.0,4.0,0
Travis Hunter,JAX,WR,191.9,169.7,100.6,79.1,4.7,96.6,5.7,0,0,0,0,0,4.0,21.0,0,35.0,415.0,3.0,0
Tank Dell,HOU,WR,193.3,189.2,51.9,43.4,2.6,51.9,3.1,0,0,0,0,0,2.0,11.0,0,17.0,218.0,2.0,0
Kenyon Sadiq,NYJ,TE,194.7,173.4,100.2,80.2,4.7,100.2,5.9,0,0,0,0,0,2.0,7.0,0,40.0,415.0,3.0,0
Dylan Sampson,CLE,RB,195.5,190.8,88.7,77.2,4.5,88.7,5.2,0,0,0,0,0,78.0,321.0,2.0,23.0,176.0,1.0,1.0
Omar Cooper,NYJ,WR,196.6,194.4,127.1,104.6,6.2,127.1,7.5,0,0,0,0,0,3.0,14.0,0,45.0,567.0,4.0,0
Malachi Fields,NYG,WR,197.6,218.6,105.2,86.2,5.1,105.2,6.2,0,0,0,0,0,1.0,7.0,0,38.0,485.0,3.0,0
Caleb Douglas,MIA,WR,200.4,197.4,94.8,77.8,4.6,94.8,5.6,0,0,0,0,0,0,0,0,34.0,428.0,3.0,0
Dontayvion Wicks,PHI,WR,201.7,999.0,70.4,57.4,3.4,70.4,4.1,0,0,0,0,0,1.0,8.0,0,26.0,316.0,2.0,0
Cooper Kupp,SEA,WR,202.8,199.3,86.4,70.4,4.1,86.4,5.1,0,0,0,0,0,0,0,0,32.0,364.0,3.0,0
Terrance Ferguson,LAR,TE,203.9,207.7,100.3,82.8,4.9,100.3,5.9,0,0,0,0,0,0,0,0,35.0,413.0,4.0,0
Ray Davis,BUF,RB,203.9,223.6,65.1,60.6,3.6,65.1,3.8,0,0,0,0,0,73.0,313.0,3.0,9.0,68.0,0,0
Fernando Mendoza,LV,QB,205.1,187.2,212.2,199.2,11.7,199.2,11.7,434.0,277.0,2894.0,19.0,11.0,53.0,234.0,2.0,0,0,0,3.0
Dalton Schultz,HOU,TE,206.5,182.3,150.9,118.9,7.0,150.9,8.9,0,0,0,0,0,0,0,0,64.0,629.0,4.0,0
C.J. Stroud,HOU,QB,208.0,206.6,247.8,233.8,13.8,233.8,13.8,505.0,317.0,3593.0,22.0,12.0,53.0,201.0,2.0,0,0,0,3.0
Jerry Jeudy,CLE,WR,209.4,185.8,119.6,98.1,5.8,119.6,7.0,0,0,0,0,0,1.0,5.0,0,43.0,581.0,3.0,0
Jalen McMillan,TB,WR,209.9,209.1,127.4,105.4,6.2,127.4,7.5,0,0,0,0,0,6.0,33.0,0,44.0,561.0,4.0,0
AJ Barner,SEA,TE,211.8,184.2,142.4,113.4,6.7,142.4,8.4,0,0,0,0,0,10.0,14.0,1.0,58.0,530.0,4.0,0
Nicholas Singleton,TEN,RB,212.5,212.6,63.7,57.7,3.4,63.7,3.7,0,0,0,0,0,65.0,270.0,2.0,12.0,87.0,1.0,1.0
Jauan Jennings,MIN,WR,213.0,213.2,105.7,86.2,5.1,105.7,6.2,0,0,0,0,0,0,0,0,39.0,487.0,3.0,0
Kaleb Johnson,GB,RB,214.8,215.7,32.0,29.5,1.7,32.0,1.9,0,0,0,0,0,42.0,174.0,1.0,5.0,36.0,0,0
Chris Bell,MIA,WR,215.2,240.9,67.2,54.7,3.2,67.2,4.0,0,0,0,0,0,1.0,3.0,0,25.0,299.0,2.0,0
Justice Hill,BAL,RB,218.1,999.0,67.7,55.7,3.3,67.7,4.0,0,0,0,0,0,33.0,141.0,1.0,24.0,176.0,1.0,0
Daniel Jones,IND,QB,220.2,203.1,223.5,210.5,12.4,210.5,12.4,469.0,312.0,3286.0,19.0,11.0,47.0,191.0,2.0,0,0,0,3.0
Jordan James,SF,RB,221.9,999.0,59.7,54.2,3.2,59.7,3.5,0,0,0,0,0,68.0,287.0,2.0,11.0,80.0,0,0
Adonai Mitchell,NYJ,WR,223.7,231.0,98.3,80.8,4.8,98.3,5.8,0,0,0,0,0,1.0,10.0,0,35.0,443.0,3.0,0
Jaylen Wright,MIA,RB,224.4,247.9,44.1,41.1,2.4,44.1,2.6,0,0,0,0,0,53.0,223.0,2.0,6.0,38.0,0,0
David Njoku,LAC,TE,225.6,224.1,58.0,46.5,2.7,58.0,3.4,0,0,0,0,0,0,0,0,23.0,230.0,2.0,0
Pat Bryant,DEN,WR,226.8,227.2,96.4,78.9,4.6,96.4,5.7,0,0,0,0,0,2.0,9.0,0,35.0,425.0,3.0,0
James Conner,ARI,RB,227.0,230.1,57.2,51.7,3.0,57.2,3.4,0,0,0,0,0,53.0,220.0,2.0,11.0,82.0,1.0,1.0
Kimani Vidal,LAC,RB,228.0,237.8,60.0,53.0,3.1,60.0,3.5,0,0,0,0,0,60.0,243.0,2.0,14.0,97.0,0,0
Tre' Harris,LAC,WR,229.4,230.5,112.9,93.4,5.5,112.9,6.6,0,0,0,0,0,1.0,6.0,0,39.0,493.0,4.0,0
Pat Freiermuth,PIT,TE,230.3,239.9,128.4,102.9,6.1,128.4,7.6,0,0,0,0,0,0,0,0,51.0,534.0,4.0,0
Cam Ward,TEN,QB,230.7,229.0,227.8,212.8,12.5,212.8,12.5,541.0,341.0,3516.0,19.0,13.0,46.0,182.0,2.0,0,0,0,4.0
Tyreek Hill,FA,WR,231.0,226.9,93.7,77.2,4.5,93.7,5.5,0,0,0,0,0,1.0,5.0,0,33.0,422.0,3.0,0
Ryan Flournoy,DAL,WR,231.7,230.7,121.2,97.7,5.7,121.2,7.1,0,0,0,0,0,2.0,13.0,0,47.0,549.0,3.0,0
Zachariah Branch,ATL,WR,232.0,211.4,78.5,63.5,3.7,78.5,4.6,0,0,0,0,0,0,0,0,30.0,365.0,2.0,0
Jaydon Blue,PHI,RB,233.5,228.6,56.6,52.1,3.1,56.6,3.3,0,0,0,0,0,68.0,289.0,2.0,9.0,67.0,0,0
Kaytron Allen,WAS,RB,233.6,239.1,45.9,41.9,2.5,45.9,2.7,0,0,0,0,0,53.0,220.0,2.0,8.0,59.0,0,1.0
Isaac TeSlaa,DET,WR,233.6,227.4,87.1,73.1,4.3,87.1,5.1,0,0,0,0,0,2.0,9.0,0,28.0,402.0,3.0,0
Bryce Young,CAR,QB,234.6,226.3,235.6,222.6,13.1,222.6,13.1,493.0,311.0,3202.0,20.0,11.0,51.0,245.0,3.0,0,0,0,3.0
Aaron Rodgers,PIT,QB,235.5,228.8,177.0,168.0,9.9,168.0,9.9,403.0,261.0,2700.0,18.0,7.0,21.0,60.0,0,0,0,0,2.0
Antonio Williams,WAS,WR,238.2,235.8,75.2,61.2,3.6,75.2,4.4,0,0,0,0,0,2.0,13.0,0,28.0,339.0,2.0,0
Brevin Jordan,HOU,TE,239.0,651.3,6.1,4.1,0.2,6.1,0.4,0,0,0,0,0,0,0,0,4.0,21.0,0,0
Ted Hurst,TB,WR,239.6,239.6,97.9,79.9,4.7,97.9,5.8,0,0,0,0,0,2.0,13.0,0,36.0,426.0,3.0,0
Germie Bernard,PIT,WR,241.4,229.8,98.9,80.9,4.8,98.9,5.8,0,0,0,0,0,2.0,10.0,0,36.0,439.0,3.0,0
Keon Coleman,BUF,WR,242.2,234.8,85.8,71.3,4.2,85.8,5.0,0,0,0,0,0,3.0,13.0,0,29.0,375.0,3.0,0
Greg Dulcich,MIA,TE,242.8,229.7,110.9,87.4,5.1,110.9,6.5,0,0,0,0,0,0,0,0,47.0,459.0,3.0,0
Demond Claiborne,MIN,RB,243.6,242.0,24.8,22.8,1.3,24.8,1.5,0,0,0,0,0,29.0,138.0,1.0,4.0,30.0,0,1.0
Gunnar Helm,TEN,TE,244.1,233.1,130.3,101.8,6.0,130.3,7.7,0,0,0,0,0,0,0,0,57.0,553.0,3.0,0
Cade Otton,TB,TE,246.0,233.1,122.3,95.8,5.6,122.3,7.2,0,0,0,0,0,0,0,0,53.0,513.0,3.0,0
Eli Stowers,PHI,TE,248.9,238.9,81.4,65.9,3.9,81.4,4.8,0,0,0,0,0,2.0,5.0,0,31.0,319.0,3.0,0
Sean Tucker,TB,RB,249.2,243.9,52.5,48.5,2.9,52.5,3.1,0,0,0,0,0,66.0,288.0,2.0,8.0,57.0,0,1.0
Calvin Ridley,TEN,WR,250.7,253.2,77.3,63.8,3.8,77.3,4.5,0,0,0,0,0,1.0,6.0,0,27.0,377.0,2.0,0
Jacoby Brissett,ARI,QB,251.2,243.0,160.0,153.0,9.0,153.0,9.0,355.0,225.0,2400.0,15.0,7.0,35.0,110.0,1.0,0,0,0,3.0
Jake Tonges,SF,TE,253.0,241.4,70.8,55.8,3.3,70.8,4.2,0,0,0,0,0,0,0,0,30.0,288.0,2.0,0
Geno Smith,NYJ,QB,257.0,999.0,222.5,208.5,12.3,208.5,12.3,489.0,325.0,3372.0,22.0,14.0,45.0,156.0,1.0,0,0,0,4.0
Stone Smartt,NO,TE,258.0,999.0,5.7,4.2,0.2,5.7,0.3,0,0,0,0,0,0,0,0,3.0,27.0,0,0
Tua Tagovailoa,ATL,QB,258.4,236.5,93.0,81.0,4.8,81.0,4.8,216.0,146.0,1499.0,9.0,6.0,14.0,30.0,0,0,0,0,3.0
Darnell Mooney,NYG,WR,259.3,249.2,73.4,60.9,3.6,73.4,4.3,0,0,0,0,0,1.0,3.0,0,25.0,361.0,2.0,0
Tory Horton,SEA,WR,260.2,228.7,92.0,76.5,4.5,92.0,5.4,0,0,0,0,0,1.0,9.0,0,31.0,421.0,3.0,0
Colby Parkinson,LAR,TE,261.8,251.4,76.3,61.8,3.6,76.3,4.5,0,0,0,0,0,0,0,0,29.0,293.0,3.0,0
Theo Johnson,NYG,TE,262.8,232.2,77.0,61.5,3.6,77.0,4.5,0,0,0,0,0,0,0,0,31.0,340.0,2.0,0
Troy Franklin,DEN,WR,263.6,241.8,66.1,54.1,3.2,66.1,3.9,0,0,0,0,0,2.0,14.0,0,24.0,287.0,2.0,0
Emanuel Wilson,SEA,RB,265.7,250.3,56.5,51.0,3.0,56.5,3.3,0,0,0,0,0,61.0,249.0,2.0,11.0,86.0,0,0
Brandon Aiyuk,SF,WR,267.4,251.4,49.6,41.6,2.4,49.6,2.9,0,0,0,0,0,0,3.0,0,16.0,213.0,2.0,0
Anthony Gould,IND,WR,301.8,999.0,3.2,2.7,0.2,3.2,0.2,0,0,0,0,0,1.0,6.0,0,1.0,16.0,0,0
Jarrett Stidham,DEN,QB,325.0,999.0,12.2,11.2,0.7,11.2,0.7,31.0,19.0,198.0,1.0,1.0,2.0,13.0,0,0,0,0,0
Tip Reiman,ARI,TE,417.0,999.0,15.4,11.4,0.7,15.4,0.9,0,0,0,0,0,0,0,0,8.0,74.0,0,0
Feleipe Franks,CAR,TE,425.0,999.0,1.9,1.4,0.1,1.9,0.1,0,0,0,0,0,1.0,2.0,0,1.0,7.0,0,0
Josh Reynolds,FA,WR,441.0,260.5,6.5,5.0,0.3,6.5,0.4,0,0,0,0,0,0,0,0,3.0,35.0,0,0
Ben Yurosek,MIN,TE,443.5,999.0,4.0,3.0,0.2,4.0,0.2,0,0,0,0,0,0,0,0,2.0,20.0,0,0
Tyrell Shavers,BUF,WR,453.0,651.4,4.0,3.0,0.2,4.0,0.2,0,0,0,0,0,0,1.0,0,2.0,19.0,0,0
Drew Sample,CIN,TE,454.2,999.0,31.6,25.1,1.5,31.6,1.9,0,0,0,0,0,0,0,0,13.0,126.0,1.0,0
Jaren Kanak,TEN,TE,455.0,530.2,31.6,25.1,1.5,31.6,1.9,0,0,0,0,0,0,0,0,13.0,126.0,1.0,0
David Sills,TB,WR,456.0,405.0,26.9,22.4,1.3,26.9,1.6,0,0,0,0,0,1.0,6.0,0,9.0,113.0,1.0,0
Josh Johnson,CIN,QB,464.0,544.0,11.3,10.3,0.6,10.3,0.6,28.0,17.0,176.0,1.0,1.0,2.0,13.0,0,0,0,0,0
Xavier Weaver,FA,WR,474.0,647.0,7.1,5.6,0.3,7.1,0.4,0,0,0,0,0,1.0,6.0,0,3.0,35.0,0,0
Tyler Goodson,ATL,RB,479.7,683.8,4.8,3.8,0.2,4.8,0.3,0,0,0,0,0,3.0,13.0,0,2.0,15.0,0,0
Max Bredeson,MIN,RB,487.4,667.3,3.8,2.8,0.2,3.8,0.2,0,0,0,0,0,1.0,3.0,0,2.0,15.0,0,0
Eric Saubert,SEA,TE,488.7,575.5,5.7,4.2,0.2,5.7,0.3,0,0,0,0,0,0,0,0,3.0,27.0,0,0
Jacob Saylors,DET,RB,496.5,578.8,25.5,23.5,1.4,25.5,1.5,0,0,0,0,0,30.0,125.0,1.0,4.0,30.0,0,0
Nikko Remigio,KC,WR,498.0,999.0,0.6,0.6,0.0,0.6,0.0,0,0,0,0,0,1.0,6.0,0,0,0,0,0
Curtis Samuel,FA,WR,501.0,688.8,5.3,4.3,0.3,5.3,0.3,0,0,0,0,0,1.0,6.0,0,2.0,27.0,0,0
Marcus Mariota,WAS,QB,507.5,999.0,13.1,12.1,0.7,12.1,0.7,29.0,19.0,188.0,1.0,1.0,4.0,26.0,0,0,0,0,0
Jack Endries,CIN,TE,508.3,999.0,53.3,42.8,2.5,53.3,3.1,0,0,0,0,0,0,0,0,21.0,203.0,2.0,0
Craig Reynolds,WAS,RB,511.8,646.0,4.4,3.4,0.2,4.4,0.3,0,0,0,0,0,2.0,8.0,0,2.0,16.0,0,0
Tyler Badie,DEN,RB,515.5,999.0,8.4,6.4,0.4,8.4,0.5,0,0,0,0,0,4.0,16.0,0,4.0,28.0,0,0
Sione Vaki,DET,RB,527.3,999.0,4.0,3.0,0.2,4.0,0.2,0,0,0,0,0,1.0,4.0,0,2.0,16.0,0,0
Jermaine Burton,FA,WR,535.0,594.0,26.0,22.0,1.3,26.0,1.5,0,0,0,0,0,1.0,6.0,0,8.0,114.0,1.0,0
Drew Ogletree,IND,TE,537.0,999.0,5.4,3.9,0.2,5.4,0.3,0,0,0,0,0,0,0,0,3.0,24.0,0,0
Will Kacmarek,MIA,TE,537.3,999.0,61.6,49.1,2.9,61.6,3.6,0,0,0,0,0,0,0,0,25.0,246.0,2.0,0
Ronnie Rivers,LAR,RB,539.2,999.0,7.1,5.6,0.3,7.1,0.4,0,0,0,0,0,5.0,21.0,0,3.0,20.0,0,0
Malik Benson,LV,WR,543.5,999.0,60.6,50.1,2.9,60.6,3.6,0,0,0,0,0,0,0,0,21.0,276.0,2.0,0
Jaydn Ott,KC,RB,548.0,635.8,11.2,9.7,0.6,11.2,0.7,0,0,0,0,0,15.0,63.0,0,3.0,19.0,0,0
Jack Velling,ATL,TE,551.0,664.6,7.3,5.3,0.3,7.3,0.4,0,0,0,0,0,0,0,0,4.0,33.0,0,0
Joe Royer,CLE,TE,553.0,683.0,57.8,46.3,2.7,57.8,3.4,0,0,0,0,0,0,0,0,23.0,228.0,2.0,0
Dyami Brown,WAS,WR,561.3,999.0,4.9,3.9,0.2,4.9,0.3,0,0,0,0,0,1.0,6.0,0,2.0,23.0,0,0
Robert Tonyan,PIT,TE,563.0,687.9,1.9,1.4,0.1,1.9,0.1,0,0,0,0,0,0,0,0,1.0,9.0,0,0
Dillon Gabriel,CLE,QB,568.0,999.0,11.9,10.9,0.6,10.9,0.6,30.0,19.0,189.0,1.0,1.0,2.0,13.0,0,0,0,0,0
Nick Mullens,JAX,QB,570.0,660.0,12.0,11.0,0.6,11.0,0.6,33.0,20.0,211.0,1.0,1.0,2.0,6.0,0,0,0,0,0
Bryce Lance,NO,WR,571.1,999.0,38.7,31.2,1.8,38.7,2.3,0,0,0,0,0,0,0,0,15.0,177.0,1.0,0
Van Jefferson,FA,WR,571.6,656.9,6.8,5.3,0.3,6.8,0.4,0,0,0,0,0,0,0,0,3.0,38.0,0,0
Efton Chism,NE,WR,572.4,999.0,4.6,3.6,0.2,4.6,0.3,0,0,0,0,0,0,1.0,0,2.0,25.0,0,0
JuJu Smith-Schuster,FA,WR,579.9,999.0,4.1,3.1,0.2,4.1,0.2,0,0,0,0,0,0,1.0,0,2.0,20.0,0,0
Greg Dortch,BUF,WR,584.5,999.0,48.1,37.6,2.2,48.1,2.8,0,0,0,0,0,3.0,16.0,0,21.0,215.0,1.0,1.0
Xavier Smith,LAR,WR,588.8,551.0,24.1,20.6,1.2,24.1,1.4,0,0,0,0,0,3.0,16.0,0,7.0,95.0,1.0,0
Tommy Tremble,CAR,TE,597.0,999.0,31.8,25.3,1.5,31.8,1.9,0,0,0,0,0,0,0,0,13.0,128.0,1.0,0
Ameer Abdullah,JAX,RB,598.8,612.4,4.8,3.8,0.2,4.8,0.3,0,0,0,0,0,3.0,13.0,0,2.0,15.0,0,0
Tyson Bagent,CHI,QB,606.0,999.0,12.5,11.5,0.7,11.5,0.7,31.0,19.0,195.0,1.0,1.0,4.0,17.0,0,0,0,0,0
Dylan Laube,LV,RB,606.8,999.0,11.9,9.9,0.6,11.9,0.7,0,0,0,0,0,12.0,50.0,0,4.0,29.0,0,0
Jeremy McNichols,WAS,RB,608.0,999.0,9.4,7.9,0.5,9.4,0.6,0,0,0,0,0,10.0,42.0,0,3.0,22.0,0,0
Skyy Moore,GB,WR,608.2,685.4,3.0,2.5,0.1,3.0,0.2,0,0,0,0,0,1.0,6.0,0,1.0,14.0,0,0
Will Howard,PIT,QB,609.5,999.0,22.5,20.5,1.2,20.5,1.2,64.0,40.0,410.0,2.0,2.0,5.0,21.0,0,0,0,0,1.0
Tyrod Taylor,GB,QB,610.6,658.2,12.9,11.9,0.7,11.9,0.7,32.0,20.0,205.0,1.0,1.0,4.0,17.0,0,0,0,0,0
Charlie Woerner,ATL,TE,611.5,641.5,8.0,6.0,0.4,8.0,0.5,0,0,0,0,0,0,0,0,4.0,40.0,0,0
Connor Heyward,LV,TE,612.2,682.0,14.7,12.7,0.7,14.7,0.9,0,0,0,0,0,7.0,14.0,1.0,4.0,33.0,0,0
Ian Thomas,LV,TE,612.9,369.6,4.0,3.0,0.2,4.0,0.2,0,0,0,0,0,0,0,0,2.0,20.0,0,0
Mo Alie-Cox,IND,TE,613.0,527.6,15.4,11.4,0.7,15.4,0.9,0,0,0,0,0,0,0,0,8.0,74.0,0,0
Elijah Mitchell,FA,RB,614.0,692.5,9.3,8.3,0.5,9.3,0.5,0,0,0,0,0,14.0,59.0,0,2.0,14.0,0,0
J'Mari Taylor,JAX,RB,614.1,999.0,30.7,28.2,1.7,30.7,1.8,0,0,0,0,0,38.0,160.0,1.0,5.0,37.0,0,0
Derius Davis,LAC,WR,615.3,999.0,-0.9,-0.9,-0.1,-0.9,-0.1,0,0,0,0,0,2.0,11.0,0,0,0,0,1.0
Adam Randall,BAL,RB,616.7,999.0,30.1,26.1,1.5,30.1,1.8,0,0,0,0,0,25.0,103.0,1.0,8.0,58.0,0,0
Hunter Luepke,DAL,RB,617.1,666.0,9.0,6.5,0.4,9.0,0.5,0,0,0,0,0,2.0,7.0,0,5.0,33.0,0,0
Jalen Tolbert,MIA,WR,617.2,999.0,34.2,27.7,1.6,34.2,2.0,0,0,0,0,0,0,0,0,13.0,152.0,1.0,0
Malachi Corley,CLE,WR,617.2,242.0,6.8,5.8,0.3,6.8,0.4,0,0,0,0,0,5.0,28.0,0,2.0,20.0,0,0
Blake Whiteheart,CLE,TE,617.8,999.0,4.4,3.4,0.2,4.4,0.3,0,0,0,0,0,0,0,0,2.0,24.0,0,0
John Bates,WAS,TE,620.3,999.0,31.8,25.3,1.5,31.8,1.9,0,0,0,0,0,0,0,0,13.0,128.0,1.0,0
Luke McCaffrey,WAS,WR,620.4,999.0,9.3,7.3,0.4,9.3,0.5,0,0,0,0,0,0,0,0,4.0,53.0,0,0
Payne Durham,TB,TE,620.5,564.0,8.1,6.1,0.4,8.1,0.5,0,0,0,0,0,0,0,0,4.0,41.0,0,0
Clyde Edwards-Helaire,FA,RB,623.7,999.0,0.8,0.8,0.0,0.8,0.0,0,0,0,0,0,2.0,8.0,0,0,0,0,0
Joshua Palmer,BUF,WR,624.0,999.0,32.6,26.6,1.6,32.6,1.9,0,0,0,0,0,0,0,0,12.0,146.0,1.0,0
Jeremy Ruckert,NYJ,TE,628.0,999.0,9.3,6.8,0.4,9.3,0.5,0,0,0,0,0,0,0,0,5.0,43.0,0,0
Samaje Perine,CIN,RB,629.6,999.0,69.8,62.8,3.7,69.8,4.1,0,0,0,0,0,66.0,275.0,2.0,14.0,103.0,1.0,0
Austin Hooper,ATL,TE,629.7,430.0,33.2,26.2,1.5,33.2,2.0,0,0,0,0,0,0,0,0,14.0,132.0,1.0,0
Lil'Jordan Humphrey,DEN,WR,629.9,999.0,24.0,20.0,1.2,24.0,1.4,0,0,0,0,0,0,0,0,8.0,100.0,1.0,0
Sam Roush,CHI,TE,630.0,999.0,33.5,26.5,1.6,33.5,2.0,0,0,0,0,0,0,0,0,14.0,135.0,1.0,0
Pierre Strong,GB,RB,631.2,682.0,7.5,6.5,0.4,7.5,0.4,0,0,0,0,0,10.0,41.0,0,2.0,14.0,0,0
Austin Ekeler,FA,RB,632.2,999.0,9.3,7.8,0.5,9.3,0.5,0,0,0,0,0,10.0,41.0,0,3.0,22.0,0,0
Marquez Valdes-Scantling,FA,WR,632.5,629.8,26.9,22.9,1.3,26.9,1.6,0,0,0,0,0,1.0,6.0,0,8.0,123.0,1.0,0
Xavier Restrepo,TEN,WR,633.1,675.0,4.8,3.8,0.2,4.8,0.3,0,0,0,0,0,1.0,6.0,0,2.0,22.0,0,0
Sterling Shepard,FA,WR,633.3,507.0,0.6,0.6,0.0,0.6,0.0,0,0,0,0,0,1.0,6.0,0,0,0,0,0
Carson Wentz,MIN,QB,633.3,999.0,12.4,11.4,0.7,11.4,0.7,32.0,20.0,221.0,1.0,1.0,2.0,6.0,0,0,0,0,0
Raheem Mostert,FA,RB,635.0,999.0,12.5,10.0,0.6,12.5,0.7,0,0,0,0,0,10.0,42.0,0,5.0,33.0,0,0
Kaden Wetjen,PIT,WR,635.6,999.0,4.2,3.2,0.2,4.2,0.2,0,0,0,0,0,0,0,0,2.0,22.0,0,0
Jake Bobo,SEA,WR,635.9,999.0,4.2,3.2,0.2,4.2,0.2,0,0,0,0,0,0,0,0,2.0,22.0,0,0
Devin Duvernay,ARI,WR,636.2,999.0,-1.4,-1.4,-0.1,-1.4,-0.1,0,0,0,0,0,1.0,6.0,0,0,0,0,1.0
DeAndre Hopkins,FA,WR,636.7,999.0,2.5,2.0,0.1,2.5,0.1,0,0,0,0,0,0,0,0,1.0,15.0,0,0
Donovan Edwards,FA,RB,638.6,610.5,2.1,2.1,0.1,2.1,0.1,0,0,0,0,0,5.0,21.0,0,0,0,0,0
Julian Hill,NE,TE,638.9,668.8,5.6,4.1,0.2,5.6,0.3,0,0,0,0,0,0,0,0,3.0,26.0,0,0
Trey Lance,LAC,QB,639.6,999.0,14.6,13.6,0.8,13.6,0.8,29.0,18.0,183.0,1.0,1.0,8.0,43.0,0,0,0,0,0
Jimmy Garoppolo,FA,QB,640.6,685.4,12.3,11.3,0.7,11.3,0.7,33.0,21.0,218.0,1.0,1.0,2.0,6.0,0,0,0,0,0
Ko Kieft,TB,TE,641.0,999.0,2.3,1.8,0.1,2.3,0.1,0,0,0,0,0,0,0,0,1.0,13.0,0,0
Taylen Green,CLE,QB,641.0,999.0,30.3,28.3,1.7,28.3,1.7,53.0,32.0,335.0,2.0,2.0,15.0,69.0,1.0,0,0,0,1.0
Cam Akers,FA,RB,642.0,652.9,5.1,4.1,0.2,5.1,0.3,0,0,0,0,0,4.0,16.0,0,2.0,15.0,0,0
Noah Fant,NO,TE,642.2,999.0,36.6,29.1,1.7,36.6,2.2,0,0,0,0,0,0,0,0,15.0,156.0,1.0,0
Jawhar Jordan,HOU,RB,642.8,999.0,27.0,24.5,1.4,27.0,1.6,0,0,0,0,0,31.0,127.0,1.0,5.0,33.0,0,0
Colbie Young,CIN,WR,643.8,999.0,31.0,25.5,1.5,31.0,1.8,0,0,0,0,0,0,0,0,11.0,140.0,1.0,0
Trebor Pena,JAX,WR,643.8,662.5,6.6,5.1,0.3,6.6,0.4,0,0,0,0,0,0,0,0,3.0,36.0,0,0
Clayton Tune,FA,QB,643.8,999.0,12.4,11.4,0.7,11.4,0.7,31.0,19.0,195.0,1.0,1.0,4.0,16.0,0,0,0,0,0
Tyler Conklin,DET,TE,644.8,676.4,1.7,1.2,0.1,1.7,0.1,0,0,0,0,0,0,0,0,1.0,7.0,0,0
Kalif Raymond,CHI,WR,645.2,999.0,27.7,23.2,1.4,27.7,1.6,0,0,0,0,0,2.0,11.0,0,9.0,116.0,1.0,0
Zach Ertz,FA,TE,646.0,999.0,36.7,28.7,1.7,36.7,2.2,0,0,0,0,0,0,0,0,16.0,147.0,1.0,0
Josh Oliver,MIN,TE,647.4,999.0,31.4,24.9,1.5,31.4,1.8,0,0,0,0,0,0,0,0,13.0,124.0,1.0,0
KeAndre Lambert-Smith,LAC,WR,647.5,999.0,35.5,29.0,1.7,35.5,2.1,0,0,0,0,0,1.0,6.0,0,13.0,159.0,1.0,0
Jordan Whittington,LAR,WR,647.5,999.0,23.3,19.3,1.1,23.3,1.4,0,0,0,0,0,1.0,6.0,0,8.0,87.0,1.0,0
Isaiah Williams,NYJ,WR,649.5,999.0,31.3,25.3,1.5,31.3,1.8,0,0,0,0,0,3.0,18.0,0,12.0,135.0,1.0,1.0
Cade Klubnik,NYJ,QB,649.6,999.0,24.0,22.0,1.3,22.0,1.3,61.0,38.0,400.0,2.0,2.0,5.0,20.0,0,0,0,0,0
CJ Daniels,LAR,WR,649.6,999.0,39.3,31.8,1.9,39.3,2.3,0,0,0,0,0,1.0,6.0,0,15.0,177.0,1.0,0
Gardner Minshew,ARI,QB,650.1,677.8,28.0,26.0,1.5,26.0,1.5,60.0,38.0,394.0,3.0,2.0,6.0,22.0,0,0,0,0,0
Devontez Walker,BAL,WR,650.1,999.0,29.9,24.9,1.5,29.9,1.8,0,0,0,0,0,1.0,6.0,0,10.0,133.0,1.0,0
David Moore,CAR,WR,650.7,575.5,4.3,3.3,0.2,4.3,0.3,0,0,0,0,0,0,0,0,2.0,23.0,0,0
Cade Stover,HOU,TE,650.7,999.0,33.2,26.2,1.5,33.2,2.0,0,0,0,0,0,2.0,2.0,0,14.0,130.0,1.0,0
Julius Chestnut,TEN,RB,650.8,999.0,5.6,4.6,0.3,5.6,0.3,0,0,0,0,0,5.0,20.0,0,2.0,16.0,0,0
Nate Adkins,DEN,TE,651.7,627.5,5.7,4.2,0.2,5.7,0.3,0,0,0,0,0,0,0,0,3.0,27.0,0,0
Tyler Higbee,LAR,TE,651.9,999.0,32.9,25.9,1.5,32.9,1.9,0,0,0,0,0,0,0,0,14.0,129.0,1.0,0
Kameron Johnson,TB,WR,652.0,999.0,4.8,3.8,0.2,4.8,0.3,0,0,0,0,0,0,0,0,2.0,28.0,0,0
J.J. McCarthy,MIN,QB,653.9,224.2,13.6,12.6,0.7,12.6,0.7,32.0,20.0,213.0,1.0,1.0,5.0,21.0,0,0,0,0,0
Ben Skowronek,PIT,WR,654.6,667.7,0.6,0.6,0.0,0.6,0.0,0,0,0,0,0,1.0,6.0,0,0,0,0,0
Mitchell Trubisky,TEN,QB,654.8,999.0,11.9,10.9,0.6,10.9,0.6,29.0,18.0,186.0,1.0,1.0,4.0,15.0,0,0,0,0,0
Tim Patrick,NYJ,WR,655.2,573.0,13.7,10.7,0.6,13.7,0.8,0,0,0,0,0,0,0,0,6.0,77.0,0,0
Mason Rudolph,PIT,QB,655.3,999.0,11.7,10.7,0.6,10.7,0.6,32.0,20.0,202.0,1.0,1.0,2.0,6.0,0,0,0,0,0
Deshaun Watson,CLE,QB,655.5,999.0,102.1,96.1,5.7,96.1,5.7,215.0,137.0,1374.0,8.0,6.0,30.0,131.0,2.0,0,0,0,2.0
Tommy DeVito,NE,QB,655.5,999.0,12.4,11.4,0.7,11.4,0.7,30.0,19.0,202.0,1.0,1.0,4.0,13.0,0,0,0,0,0
Kyle Juszczyk,SF,RB,655.7,999.0,19.9,14.4,0.8,19.9,1.2,0,0,0,0,0,3.0,9.0,0,11.0,80.0,0,0
Josh Cameron,JAX,WR,655.8,999.0,59.6,49.1,2.9,59.6,3.5,0,0,0,0,0,4.0,22.0,0,21.0,244.0,2.0,0
Drew Allar,PIT,QB,656.9,699.6,22.0,20.0,1.2,20.0,1.2,62.0,39.0,398.0,2.0,2.0,5.0,21.0,0,0,0,0,1.0
Andy Dalton,PHI,QB,657.2,999.0,11.8,10.8,0.6,10.8,0.6,33.0,21.0,208.0,1.0,1.0,2.0,5.0,0,0,0,0,0
Najee Harris,NYG,RB,657.2,220.9,26.3,23.8,1.4,26.3,1.5,0,0,0,0,0,30.0,117.0,1.0,5.0,36.0,0,0
Anthony Richardson,IND,QB,657.4,999.0,21.3,20.3,1.2,20.3,1.2,28.0,16.0,193.0,1.0,1.0,8.0,46.0,1.0,0,0,0,0
Darius Cooper,PHI,WR,657.8,999.0,6.7,5.2,0.3,6.7,0.4,0,0,0,0,0,0,0,0,3.0,37.0,0,0
Chimere Dike,TEN,WR,657.8,229.4,89.4,70.4,4.1,89.4,5.3,0,0,0,0,0,6.0,30.0,0,38.0,384.0,2.0,1.0
Michael Carter,TEN,RB,659.5,686.5,8.1,6.6,0.4,8.1,0.5,0,0,0,0,0,7.0,29.0,0,3.0,22.0,0,0
Mike Gesicki,CIN,TE,659.6,999.0,104.9,83.9,4.9,104.9,6.2,0,0,0,0,0,0,0,0,42.0,449.0,3.0,0
Devin Singletary,NYG,RB,660.1,999.0,30.6,25.6,1.5,30.6,1.8,0,0,0,0,0,20.0,82.0,1.0,10.0,64.0,0,0
Charlie Kolar,LAC,TE,660.8,999.0,38.4,30.4,1.8,38.4,2.3,0,0,0,0,0,1.0,2.0,0,16.0,162.0,1.0,0
Jaleel McLaughlin,CLE,RB,660.9,999.0,7.5,6.5,0.4,7.5,0.4,0,0,0,0,0,10.0,40.0,0,2.0,15.0,0,0
Jalen Brooks,ARI,WR,661.0,691.3,6.5,5.0,0.3,6.5,0.4,0,0,0,0,0,0,0,0,3.0,35.0,0,0
Jackson Hawes,BUF,TE,661.1,613.5,31.9,25.4,1.5,31.9,1.9,0,0,0,0,0,0,0,0,13.0,129.0,1.0,0
Brenen Thompson,LAC,WR,662.8,999.0,39.0,32.0,1.9,39.0,2.3,0,0,0,0,0,0,0,0,14.0,190.0,1.0,0
Jalen Milroe,SEA,QB,663.0,999.0,13.9,12.9,0.8,12.9,0.8,26.0,16.0,164.0,1.0,1.0,8.0,43.0,0,0,0,0,0
Marlin Klein,HOU,TE,663.1,999.0,29.5,23.5,1.4,29.5,1.7,0,0,0,0,0,0,0,0,12.0,115.0,1.0,0
Jimmy Horn,CAR,WR,663.1,999.0,30.2,25.2,1.5,30.2,1.8,0,0,0,0,0,3.0,18.0,0,10.0,124.0,1.0,0
Jahdae Walker,CHI,WR,663.9,999.0,25.9,21.4,1.3,25.9,1.5,0,0,0,0,0,0,0,0,9.0,109.0,1.0,0
Jaylin Noel,HOU,WR,664.2,213.7,85.2,69.2,4.1,85.2,5.0,0,0,0,0,0,8.0,38.0,0,32.0,374.0,2.0,0
Jameis Winston,NYG,QB,664.4,999.0,12.9,11.9,0.7,11.9,0.7,32.0,20.0,214.0,1.0,1.0,3.0,13.0,0,0,0,0,0
Malik Davis,DAL,RB,665.0,999.0,68.9,63.4,3.7,68.9,4.1,0,0,0,0,0,79.0,329.0,3.0,11.0,70.0,0,0
Chris Manhertz,NYG,TE,665.0,625.3,2.3,1.8,0.1,2.3,0.1,0,0,0,0,0,0,0,0,1.0,13.0,0,0
Phil Mafah,FA,RB,665.1,999.0,6.7,5.7,0.3,6.7,0.4,5.0,0,0,0,0,8.0,32.0,0,2.0,15.0,0,0
Dameon Pierce,PHI,RB,665.5,999.0,4.3,3.8,0.2,4.3,0.3,0,0,0,0,0,6.0,27.0,0,1.0,6.0,0,0
Theo Wease,LAC,WR,665.5,999.0,8.9,6.9,0.4,8.9,0.5,0,0,0,0,0,0,0,0,4.0,49.0,0,0
Ollie Gordon,MIA,RB,665.9,999.0,23.2,21.7,1.3,23.2,1.4,0,0,0,0,0,30.0,120.0,1.0,3.0,22.0,0,0
Cameron Latu,NE,TE,666.7,673.1,4.0,3.0,0.2,4.0,0.2,0,0,0,0,0,0,0,0,2.0,20.0,0,0
Mason Taylor,NYJ,TE,667.6,224.3,96.4,76.4,4.5,96.4,5.7,0,0,0,0,0,0,0,0,40.0,384.0,3.0,0
Elijah Arroyo,SEA,TE,667.7,999.0,72.2,57.7,3.4,72.2,4.2,0,0,0,0,0,0,0,0,29.0,312.0,2.0,0
Bo Melton,GB,WR,667.8,695.0,9.8,7.8,0.5,9.8,0.6,0,0,0,0,0,1.0,6.0,0,4.0,52.0,0,0
Kenny McIntosh,FA,RB,667.8,684.4,5.2,4.2,0.2,5.2,0.3,0,0,0,0,0,4.0,16.0,0,2.0,16.0,0,0
Darius Slayton,NYG,WR,668.0,999.0,76.3,63.3,3.7,76.3,4.5,0,0,0,0,0,0,0,0,26.0,383.0,2.0,0
Ty Johnson,BUF,RB,668.0,999.0,55.8,47.3,2.8,55.8,3.3,0,0,0,0,0,32.0,137.0,1.0,17.0,131.0,1.0,0
Elijah Higgins,ARI,TE,668.1,999.0,41.9,32.9,1.9,41.9,2.5,0,0,0,0,0,0,0,0,18.0,179.0,1.0,0
Grant Calcaterra,PHI,TE,668.3,685.8,25.6,20.6,1.2,25.6,1.5,0,0,0,0,0,0,0,0,10.0,96.0,1.0,0
Barion Brown,NO,WR,668.3,999.0,63.0,52.0,3.1,63.0,3.7,0,0,0,0,0,0,0,0,22.0,290.0,2.0,0
Luke Schoonmaker,DAL,TE,668.8,999.0,31.4,24.9,1.5,31.4,1.8,0,0,0,0,0,0,0,0,13.0,124.0,1.0,0
Brashard Smith,KC,RB,669.4,226.3,26.3,23.3,1.4,26.3,1.5,0,0,0,0,0,23.0,97.0,1.0,6.0,46.0,0,0
Deion Burks,IND,WR,670.0,999.0,23.3,19.3,1.1,23.3,1.4,0,0,0,0,0,0,2.0,0,8.0,91.0,1.0,0
Dee Eskridge,FA,WR,670.5,999.0,4.9,3.9,0.2,4.9,0.3,0,0,0,0,0,1.0,6.0,0,2.0,23.0,0,0
Roschon Johnson,CHI,RB,670.7,999.0,7.6,6.6,0.4,7.6,0.4,0,0,0,0,0,10.0,42.0,0,2.0,14.0,0,0
Josh Cuevas,BAL,TE,671.5,697.1,27.8,22.3,1.3,27.8,1.6,0,0,0,0,0,0,0,0,11.0,108.0,1.0,0
Ben Sinnott,WAS,TE,671.5,999.0,27.5,22.0,1.3,27.5,1.6,0,0,0,0,0,0,0,0,11.0,105.0,1.0,0
Kyle Allen,BUF,QB,672.0,665.6,12.0,11.0,0.6,11.0,0.6,31.0,19.0,195.0,1.0,1.0,2.0,12.0,0,0,0,0,0
Kendrick Bourne,ARI,WR,672.6,999.0,77.4,61.9,3.6,77.4,4.6,0,0,0,0,0,0,0,0,31.0,344.0,2.0,0
Ty Simpson,LAR,QB,673.1,241.8,13.6,12.6,0.7,12.6,0.7,32.0,20.0,218.0,1.0,1.0,5.0,19.0,0,0,0,0,0
Chase Roberts,LV,WR,673.3,350.0,6.6,5.1,0.3,6.6,0.4,0,0,0,0,0,0,0,0,3.0,36.0,0,0
Zavion Thomas,CHI,WR,673.4,999.0,57.2,47.2,2.8,57.2,3.4,0,0,0,0,0,0,0,0,20.0,252.0,2.0,0
Nate Boerkircher,JAX,TE,673.5,999.0,27.4,21.9,1.3,27.4,1.6,0,0,0,0,0,0,0,0,11.0,104.0,1.0,0
Tez Johnson,TB,WR,673.8,999.0,38.4,31.4,1.8,38.4,2.3,0,0,0,0,0,2.0,10.0,0,14.0,174.0,1.0,0
Derek Carr,FA,QB,674.1,999.0,27.2,25.2,1.5,25.2,1.5,66.0,43.0,447.0,3.0,2.0,4.0,13.0,0,0,0,0,1.0
Kevin Coleman,MIA,WR,674.7,999.0,32.4,26.4,1.6,32.4,1.9,0,0,0,0,0,0,0,0,12.0,144.0,1.0,0
Darnell Washington,PIT,TE,674.8,999.0,85.1,68.6,4.0,85.1,5.0,0,0,0,0,0,0,0,0,33.0,341.0,3.0,0
Adam Trautman,DEN,TE,675.3,682.8,27.8,22.3,1.3,27.8,1.6,0,0,0,0,0,0,0,0,11.0,108.0,1.0,0
Will Levis,FA,QB,675.8,999.0,12.7,11.7,0.7,11.7,0.7,32.0,20.0,205.0,1.0,1.0,4.0,15.0,0,0,0,0,0
Davis Mills,HOU,QB,676.3,999.0,12.0,11.0,0.6,11.0,0.6,33.0,20.0,211.0,1.0,1.0,2.0,6.0,0,0,0,0,0
Antonio Gibson,FA,RB,676.4,999.0,3.9,2.9,0.2,3.9,0.2,0,0,0,0,0,1.0,4.0,0,2.0,15.0,0,0
Allen Lazard,FA,WR,676.5,694.8,6.4,4.9,0.3,6.4,0.4,0,0,0,0,0,0,0,0,3.0,34.0,0,0
Tanner McKee,PHI,QB,676.6,999.0,12.4,11.4,0.7,11.4,0.7,31.0,19.0,198.0,1.0,1.0,4.0,15.0,0,0,0,0,0
Davis Allen,LAR,TE,676.6,660.7,5.9,4.4,0.3,5.9,0.3,0,0,0,0,0,0,0,0,3.0,29.0,0,0
Jack Bech,LV,WR,676.7,238.2,77.9,62.9,3.7,77.9,4.6,0,0,0,0,0,1.0,9.0,0,30.0,350.0,2.0,0
Dont'e Thornton,LV,WR,677.0,999.0,4.7,3.7,0.2,4.7,0.3,0,0,0,0,0,0,0,0,2.0,27.0,0,0
Isaac Guerendo,SF,RB,677.5,999.0,6.2,5.7,0.3,6.2,0.4,0,0,0,0,0,11.0,46.0,0,1.0,6.0,0,0
Kendre Miller,NO,RB,677.9,224.8,5.6,4.6,0.3,5.6,0.3,0,0,0,0,0,5.0,20.0,0,2.0,16.0,0,0
Oscar Delp,NO,TE,677.9,999.0,39.4,30.9,1.8,39.4,2.3,0,0,0,0,0,0,0,0,17.0,164.0,1.0,0
Konata Mumpfield,LAR,WR,678.2,999.0,41.7,33.7,2.0,41.7,2.5,0,0,0,0,0,0,0,0,16.0,197.0,1.0,0
Emari Demercado,DAL,RB,678.5,999.0,36.3,30.8,1.8,36.3,2.1,0,0,0,0,0,28.0,114.0,1.0,11.0,79.0,0,0
Treylon Burks,WAS,WR,678.8,999.0,34.8,28.8,1.7,34.8,2.0,0,0,0,0,0,3.0,16.0,0,12.0,152.0,1.0,0
Savion Williams,GB,WR,678.8,999.0,32.0,27.0,1.6,32.0,1.9,0,0,0,0,0,6.0,42.0,0,10.0,118.0,1.0,0
Demarcus Robinson,SF,WR,679.0,999.0,38.1,31.1,1.8,38.1,2.2,0,0,0,0,0,0,0,0,14.0,181.0,1.0,0
Jam Miller,FA,RB,679.0,999.0,20.4,18.9,1.1,20.4,1.2,0,0,0,0,0,22.0,92.0,1.0,3.0,22.0,0,0
Xavier Hutchinson,HOU,WR,679.1,999.0,36.7,29.7,1.7,36.7,2.2,0,0,0,0,0,0,0,0,14.0,167.0,1.0,0
Jacardia Wright,SEA,RB,679.7,677.2,4.3,3.3,0.2,4.3,0.3,0,0,0,0,0,2.0,8.0,0,2.0,15.0,0,0
Devaughn Vele,NO,WR,680.1,239.8,110.6,89.6,5.3,110.6,6.5,0,0,0,0,0,1.0,10.0,0,42.0,496.0,3.0,0
Darren Waller,CAR,TE,680.2,999.0,122.6,99.1,5.8,122.6,7.2,0,0,0,0,0,0,0,0,47.0,516.0,4.0,0
Daniel Bellinger,TEN,TE,680.8,999.0,40.1,31.6,1.9,40.1,2.4,0,0,0,0,0,0,0,0,17.0,171.0,1.0,0
Mitchell Evans,CAR,TE,681.3,999.0,15.7,11.7,0.7,15.7,0.9,0,0,0,0,0,0,0,0,8.0,77.0,0,0
Aaron Anderson,FA,WR,681.4,674.9,30.2,24.7,1.5,30.2,1.8,0,0,0,0,0,0,0,0,11.0,132.0,1.0,0
Rasheen Ali,BAL,RB,682.0,999.0,38.7,32.7,1.9,38.7,2.3,0,0,0,0,0,29.0,120.0,1.0,12.0,87.0,0,0
Shedeur Sanders,CLE,QB,682.2,236.1,97.1,92.1,5.4,92.1,5.4,226.0,142.0,1433.0,7.0,5.0,26.0,88.0,2.0,0,0,0,2.0
Isaiah Bond,CLE,WR,682.5,999.0,62.8,51.8,3.0,62.8,3.7,0,0,0,0,0,3.0,19.0,0,22.0,269.0,2.0,0
Brandin Cooks,FA,WR,683.0,999.0,28.8,23.8,1.4,28.8,1.7,0,0,0,0,0,0,0,0,10.0,128.0,1.0,0
Jamal Haynes,FA,RB,683.1,999.0,4.0,3.5,0.2,4.0,0.2,0,0,0,0,0,6.0,25.0,0,1.0,5.0,0,0
Noah Gray,KC,TE,683.3,999.0,59.1,47.1,2.8,59.1,3.5,0,0,0,0,0,0,0,0,24.0,231.0,2.0,0
Cole Kmet,CHI,TE,683.3,999.0,79.7,62.7,3.7,79.7,4.7,0,0,0,0,0,0,0,0,34.0,337.0,2.0,0
Riley Leonard,IND,QB,683.3,999.0,12.4,11.4,0.7,11.4,0.7,29.0,18.0,196.0,1.0,1.0,4.0,16.0,0,0,0,0,0
Justin Fields,KC,QB,683.5,999.0,34.7,32.7,1.9,32.7,1.9,55.0,34.0,363.0,2.0,2.0,18.0,102.0,1.0,0,0,0,1.0
Dawson Knox,BUF,TE,683.5,999.0,76.4,62.4,3.7,76.4,4.5,0,0,0,0,0,0,0,0,28.0,304.0,3.0,0
Justin Joly,MIA,TE,683.8,999.0,58.0,46.5,2.7,58.0,3.4,0,0,0,0,0,0,0,0,23.0,230.0,2.0,0
Kyle Williams,NE,WR,683.8,222.1,31.2,26.2,1.5,31.2,1.8,0,0,0,0,0,1.0,4.0,0,10.0,148.0,1.0,0
Tanner Hudson,CIN,TE,683.9,999.0,5.8,4.3,0.3,5.8,0.3,0,0,0,0,0,0,0,0,3.0,28.0,0,0
Durham Smythe,BAL,TE,684.0,647.2,9.9,7.4,0.4,9.9,0.6,0,0,0,0,0,0,0,0,5.0,49.0,0,0
Joe Milton,DAL,QB,684.4,999.0,12.4,11.4,0.7,11.4,0.7,31.0,19.0,195.0,1.0,1.0,4.0,16.0,0,0,0,0,0
Dare Ogunbowale,LV,RB,684.8,999.0,9.2,7.2,0.4,9.2,0.5,0,0,0,0,0,6.0,24.0,0,4.0,28.0,0,0
Marquise Brown,PHI,WR,684.9,999.0,67.5,55.0,3.2,67.5,4.0,0,0,0,0,0,0,0,0,25.0,305.0,2.0,0
Josh Whyle,GB,TE,685.2,695.5,13.8,10.3,0.6,13.8,0.8,0,0,0,0,0,0,0,0,7.0,68.0,0,0
Matt Hibner,BAL,TE,685.5,999.0,31.8,25.3,1.5,31.8,1.9,0,0,0,0,0,0,0,0,13.0,128.0,1.0,0
Kareem Hunt,FA,RB,685.6,999.0,24.2,22.7,1.3,24.2,1.4,0,0,0,0,0,35.0,130.0,1.0,3.0,22.0,0,0
Kirk Cousins,LV,QB,685.6,999.0,39.2,36.2,2.1,36.2,2.1,98.0,63.0,639.0,5.0,3.0,5.0,6.0,0,0,0,0,2.0
Mac Jones,SF,QB,685.8,999.0,26.7,24.7,1.5,24.7,1.5,62.0,41.0,423.0,3.0,2.0,5.0,18.0,0,0,0,0,1.0
Will Shipley,PHI,RB,685.8,999.0,33.8,28.8,1.7,33.8,2.0,0,0,0,0,0,25.0,105.0,1.0,10.0,73.0,0,0
Devin Neal,FA,RB,685.9,211.9,31.9,28.4,1.7,31.9,1.9,0,0,0,0,0,39.0,160.0,1.0,7.0,49.0,0,1.0
Jahan Dotson,ATL,WR,686.3,999.0,71.2,58.2,3.4,71.2,4.2,0,0,0,0,0,2.0,16.0,0,26.0,316.0,2.0,0
Jalen Royals,KC,WR,686.3,999.0,33.9,27.4,1.6,33.9,2.0,0,0,0,0,0,1.0,6.0,0,13.0,143.0,1.0,0
Spencer Rattler,NO,QB,686.3,999.0,12.7,11.7,0.7,11.7,0.7,32.0,20.0,202.0,1.0,1.0,4.0,16.0,0,0,0,0,0
Xavier Legette,CAR,WR,686.5,999.0,66.0,54.0,3.2,66.0,3.9,0,0,0,0,0,1.0,10.0,0,24.0,290.0,2.0,0
Tahj Brooks,CIN,RB,686.8,999.0,24.4,22.9,1.3,24.4,1.4,0,0,0,0,0,33.0,132.0,1.0,3.0,22.0,0,0
Nick Westbrook-Ikhine,IND,WR,687.2,999.0,29.5,24.5,1.4,29.5,1.7,0,0,0,0,0,0,0,0,10.0,135.0,1.0,0
Teddy Bridgewater,FA,QB,687.4,999.0,11.6,10.6,0.6,10.6,0.6,32.0,20.0,202.0,1.0,1.0,2.0,5.0,0,0,0,0,0
Roman Wilson,PIT,WR,688.0,999.0,26.8,22.3,1.3,26.8,1.6,0,0,0,0,0,0,0,0,9.0,118.0,1.0,0
Taysom Hill,FA,TE,688.6,999.0,9.5,7.5,0.4,9.5,0.6,0,0,0,0,0,5.0,20.0,0,4.0,35.0,0,0
LaJohntay Wester,BAL,WR,688.9,999.0,1.0,0.5,0.0,1.0,0.1,0,0,0,0,0,1.0,6.0,0,1.0,14.0,0,1.0
Foster Moreau,HOU,TE,689.5,638.3,9.8,7.3,0.4,9.8,0.6,0,0,0,0,0,0,0,0,5.0,48.0,0,0
Michael Trigg,DAL,TE,689.9,249.7,33.8,26.8,1.6,33.8,2.0,0,0,0,0,0,0,0,0,14.0,138.0,1.0,0
Tyler Huntley,BAL,QB,690.0,999.0,12.7,11.7,0.7,11.7,0.7,28.0,18.0,182.0,1.0,1.0,4.0,24.0,0,0,0,0,0
LeQuint Allen,JAX,RB,690.0,999.0,56.2,47.2,2.8,56.2,3.3,0,0,0,0,0,33.0,135.0,1.0,18.0,127.0,1.0,0
Raheim Sanders,CLE,RB,690.0,999.0,4.7,3.7,0.2,4.7,0.3,0,0,0,0,0,5.0,20.0,0,2.0,7.0,0,0
Odell Beckham,NYG,WR,690.4,999.0,28.0,23.0,1.4,28.0,1.6,0,0,0,0,0,0,0,0,10.0,120.0,1.0,0
Trevor Etienne,CAR,RB,690.4,999.0,36.2,32.2,1.9,36.2,2.1,0,0,0,0,0,40.0,164.0,1.0,8.0,58.0,0,0
Tutu Atwell,LAR,WR,690.5,999.0,10.7,8.7,0.5,10.7,0.6,0,0,0,0,0,1.0,5.0,0,4.0,62.0,0,0
Skyler Bell,BUF,WR,691.0,999.0,63.6,52.6,3.1,63.6,3.7,0,0,0,0,0,1.0,5.0,0,22.0,291.0,2.0,0
Jaylin Lane,WAS,WR,691.0,999.0,37.7,30.7,1.8,37.7,2.2,0,0,0,0,0,2.0,14.0,0,14.0,163.0,1.0,0
Zavier Scott,CHI,RB,691.0,693.0,5.6,4.6,0.3,5.6,0.3,0,0,0,0,0,5.0,21.0,0,2.0,15.0,0,0
Zamir White,NO,RB,691.1,631.7,5.1,4.1,0.2,5.1,0.3,0,0,0,0,0,5.0,21.0,0,2.0,10.0,0,0
Seth McGowan,IND,RB,692.6,999.0,36.3,32.8,1.9,36.3,2.1,0,0,0,0,0,44.0,184.0,1.0,7.0,49.0,0,0
Audric Estime,NO,RB,692.6,237.4,22.6,21.1,1.2,22.6,1.3,0,0,0,0,0,30.0,119.0,1.0,3.0,17.0,0,0
Christian Kirk,SF,WR,692.7,241.7,46.4,36.9,2.2,46.4,2.7,0,0,0,0,0,1.0,9.0,0,19.0,205.0,1.0,0
Carson Beck,ARI,QB,692.7,999.0,54.9,50.9,3.0,50.9,3.0,124.0,77.0,778.0,5.0,4.0,12.0,38.0,1.0,0,0,0,1.0
Joshua Dobbs,DET,QB,692.8,692.3,12.4,11.4,0.7,11.4,0.7,31.0,19.0,195.0,1.0,1.0,4.0,16.0,0,0,0,0,0
KaVontae Turpin,DAL,WR,693.4,999.0,71.5,61.0,3.6,71.5,4.2,0,0,0,0,0,14.0,77.0,1.0,21.0,268.0,2.0,1.0
Jacob Cowing,SF,WR,693.9,999.0,1.7,1.2,0.1,1.7,0.1,0,0,0,0,0,0,0,0,1.0,7.0,0,0
Diego Pavia,FA,QB,694.0,999.0,12.5,11.5,0.7,11.5,0.7,29.0,18.0,183.0,1.0,1.0,4.0,22.0,0,0,0,0,0
DJ Giddens,IND,RB,694.0,999.0,30.0,27.0,1.6,30.0,1.8,0,0,0,0,0,33.0,137.0,1.0,6.0,43.0,0,0
Max Klare,LAR,TE,694.2,248.8,56.1,45.1,2.7,56.1,3.3,0,0,0,0,0,0,0,0,22.0,221.0,2.0,0
Ja'Tavion Sanders,CAR,TE,694.3,999.0,24.9,19.9,1.2,24.9,1.5,0,0,0,0,0,0,0,0,10.0,89.0,1.0,0
Michael Penix,ATL,QB,694.7,227.9,143.2,133.2,7.8,133.2,7.8,309.0,192.0,2194.0,13.0,8.0,28.0,94.0,1.0,0,0,0,3.0
Eli Raridon,NE,TE,695.1,999.0,33.0,26.0,1.5,33.0,1.9,0,0,0,0,0,0,0,0,14.0,130.0,1.0,0
Jonnu Smith,GB,TE,695.2,999.0,35.9,28.4,1.7,35.9,2.1,0,0,0,0,0,2.0,10.0,0,15.0,139.0,1.0,0
Chris Brooks,GB,RB,695.2,999.0,56.3,49.3,2.9,56.3,3.3,0,0,0,0,0,50.0,203.0,2.0,14.0,100.0,0,0
Isaiah Davis,NYJ,RB,695.4,999.0,60.5,54.0,3.2,60.5,3.6,0,0,0,0,0,62.0,261.0,2.0,13.0,94.0,0,0
Elijah Sarratt,BAL,WR,695.8,229.2,61.4,50.4,3.0,61.4,3.6,0,0,0,0,0,1.0,4.0,0,22.0,270.0,2.0,0
Michael Mayer,LV,TE,695.9,999.0,80.8,63.8,3.8,80.8,4.8,0,0,0,0,0,0,0,0,34.0,348.0,2.0,0
John Michael Gyllenborg,KC,TE,696.3,611.2,40.4,22.9,1.3,28.4,1.7,0,0,0,0,0,0,0,0,11.0,114.0,1.0,0
Ashton Dulin,IND,WR,696.8,999.0,3.0,2.5,0.1,3.0,0.2,0,0,0,0,0,1.0,6.0,0,1.0,14.0,0,0
Noah Thomas,CIN,WR,696.8,646.8,6.6,5.1,0.3,6.6,0.4,0,0,0,0,0,0,0,0,3.0,36.0,0,0
John Metchie,CAR,WR,696.9,999.0,48.8,38.8,2.3,48.8,2.9,0,0,0,0,0,1.0,8.0,0,20.0,220.0,1.0,0
DeMario Douglas,NE,WR,697.0,999.0,80.4,65.9,3.9,80.4,4.7,0,0,0,0,0,5.0,34.0,0,29.0,360.0,2.0,0
Mack Hollins,NE,WR,697.0,999.0,57.6,47.6,2.8,57.6,3.4,0,0,0,0,0,1.0,6.0,0,20.0,250.0,2.0,0
Quinn Ewers,JAX,QB,697.4,999.0,12.4,11.4,0.7,11.4,0.7,31.0,19.0,195.0,1.0,1.0,4.0,16.0,0,0,0,0,0
Brock Wright,DET,TE,697.6,690.8,27.3,21.8,1.3,27.3,1.6,0,0,0,0,0,0,0,0,11.0,103.0,1.0,0
Cedric Tillman,NO,WR,697.6,667.4,6.6,5.1,0.3,6.6,0.4,0,0,0,0,0,0,0,0,3.0,36.0,0,0
Olamide Zaccheaus,ATL,WR,697.7,999.0,75.8,60.8,3.6,75.8,4.5,0,0,0,0,0,2.0,12.0,0,30.0,326.0,2.0,0
Riley Nowakowski,PIT,TE,698.4,643.4,9.6,7.1,0.4,9.6,0.6,0,0,0,0,0,0,0,0,5.0,46.0,0,0
Jarquez Hunter,FA,RB,698.4,240.6,9.6,8.6,0.5,9.6,0.6,0,0,0,0,0,15.0,63.0,0,2.0,13.0,0,0
Tyquan Thornton,KC,WR,698.5,999.0,62.6,52.6,3.1,62.6,3.7,0,0,0,0,0,0,0,0,20.0,306.0,2.0,0
Reggie Virgil,ARI,WR,698.6,999.0,26.1,21.6,1.3,26.1,1.5,0,0,0,0,0,0,0,0,9.0,111.0,1.0,0
Joe Flacco,CIN,QB,698.8,999.0,28.7,26.7,1.6,26.7,1.6,69.0,44.0,448.0,3.0,2.0,4.0,8.0,0,0,0,0,0
Tyler Lockett,FA,WR,699.0,999.0,28.3,22.8,1.3,28.3,1.7,0,0,0,0,0,0,0,0,11.0,113.0,1.0,0
Seydou Traore,MIA,TE,699.0,668.6,8.0,6.0,0.4,8.0,0.5,0,0,0,0,0,0,0,0,4.0,40.0,0,0
Dean Connors,LAR,RB,699.0,666.2,8.4,7.4,0.4,8.4,0.5,0,0,0,0,0,11.0,46.0,0,2.0,18.0,0,0
Elic Ayomanor,TEN,WR,699.1,241.5,56.7,46.7,2.7,56.7,3.3,0,0,0,0,0,0,0,0,20.0,247.0,2.0,0
Evan Engram,DEN,TE,699.6,999.0,70.7,55.2,3.2,70.7,4.2,0,0,0,0,0,0,0,0,31.0,277.0,2.0,0
Tai Felton,MIN,WR,700.0,692.7,29.2,24.2,1.4,29.2,1.7,0,0,0,0,0,1.0,6.0,0,10.0,126.0,1.0,0
George Holani,SEA,RB,700.0,999.0,25.2,23.2,1.4,25.2,1.5,0,0,0,0,0,30.0,123.0,1.0,4.0,29.0,0,0
Marvin Mims,DEN,WR,700.8,219.5,69.9,56.4,3.3,69.9,4.1,0,0,0,0,0,6.0,36.0,0,27.0,293.0,2.0,1.0
Rashod Bateman,BAL,WR,700.9,232.7,102.3,84.3,5.0,102.3,6.0,0,0,0,0,0,0,0,0,36.0,483.0,3.0,0
Andrei Iosivas,CIN,WR,700.9,999.0,91.3,75.3,4.4,91.3,5.4,0,0,0,0,0,2.0,10.0,0,32.0,403.0,3.0,0
Tucker Fisk,FA,TE,999.0,999.0,7.5,5.5,0.3,7.5,0.4,0,0,0,0,0,0,0,0,4.0,35.0,0,0
Dareke Young,LV,WR,999.0,676.0,4.6,3.6,0.2,4.6,0.3,0,0,0,0,0,0,0,0,2.0,26.0,0,0
Lucas Krull,DEN,TE,999.0,999.0,8.1,6.1,0.4,8.1,0.5,0,0,0,0,0,0,0,0,4.0,41.0,0,0
Kevin Austin,NO,WR,999.0,999.0,6.5,5.0,0.3,6.5,0.4,0,0,0,0,0,0,1.0,0,3.0,34.0,0,0
Shane Zylstra,NE,TE,999.0,999.0,2.3,1.8,0.1,2.3,0.1,0,0,0,0,0,0,0,0,1.0,13.0,0,0
Jack Stoll,FA,TE,999.0,621.3,7.5,5.5,0.3,7.5,0.4,0,0,0,0,0,0,0,0,4.0,35.0,0,0
Luke Farrell,SF,TE,999.0,491.0,10.1,7.6,0.4,10.1,0.6,0,0,0,0,0,0,0,0,5.0,51.0,0,0
Kylen Granson,TEN,TE,999.0,505.0,4.0,3.0,0.2,4.0,0.2,0,0,0,0,0,0,0,0,2.0,20.0,0,0
Tylan Wallace,CLE,WR,999.0,669.8,4.2,3.2,0.2,4.2,0.2,0,0,0,0,0,0,0,0,2.0,22.0,0,0
Quintin Morris,JAX,TE,999.0,533.5,8.0,6.0,0.4,8.0,0.5,0,0,0,0,0,0,0,0,4.0,40.0,0,0
Cody White,LV,WR,999.0,664.0,8.5,6.5,0.4,8.5,0.5,0,0,0,0,0,0,0,0,4.0,45.0,0,0
Tyler Johnson,FA,WR,999.0,537.5,6.5,5.0,0.3,6.5,0.4,0,0,0,0,0,0,0,0,3.0,35.0,0,0
James Proche,FA,WR,999.0,999.0,0.6,0.6,0.0,0.6,0.0,0,0,0,0,0,1.0,6.0,0,0,0,0,0
Isaiah Hodgins,FA,WR,999.0,999.0,9.2,7.2,0.4,9.2,0.5,0,0,0,0,0,0,0,0,4.0,52.0,0,0
Harrison Bryant,FA,TE,999.0,631.5,4.0,3.0,0.2,4.0,0.2,0,0,0,0,0,0,0,0,2.0,20.0,0,0
Trent Sherfield,BUF,WR,999.0,699.3,3.9,2.9,0.2,3.9,0.2,0,0,0,0,0,0,0,0,2.0,19.0,0,0
Will Dissly,FA,TE,999.0,647.0,27.0,21.5,1.3,27.0,1.6,0,0,0,0,0,0,0,0,11.0,100.0,1.0,0
Dante Pettis,FA,WR,999.0,636.7,7.3,5.8,0.3,7.3,0.4,0,0,0,0,0,1.0,6.0,0,3.0,37.0,0,0
Noah Brown,FA,WR,999.0,633.8,9.3,7.3,0.4,9.3,0.5,0,0,0,0,0,0,0,0,4.0,53.0,0,0
Chris Moore,BAL,WR,999.0,999.0,4.1,3.1,0.2,4.1,0.2,0,0,0,0,0,0,0,0,2.0,21.0,0,0
DeAndre Carter,FA,WR,999.0,999.0,1.8,1.3,0.1,1.8,0.1,0,0,0,0,0,2.0,11.0,0,1.0,17.0,0,1.0
Miles Kitselman,FA,TE,999.0,694.9,31.6,25.1,1.5,31.6,1.9,0,0,0,0,0,0,0,0,13.0,126.0,1.0,0
Tanner Koziol,JAX,TE,999.0,999.0,32.8,25.8,1.5,32.8,1.9,0,0,0,0,0,0,0,0,14.0,128.0,1.0,0
Lance Mason,FA,TE,999.0,685.2,31.6,25.1,1.5,31.6,1.9,0,0,0,0,0,0,0,0,13.0,126.0,1.0,0
Eric McAlister,FA,WR,999.0,340.0,30.1,24.6,1.4,30.1,1.8,0,0,0,0,0,0,0,0,11.0,131.0,1.0,0
Dane Key,DEN,WR,999.0,999.0,6.6,5.1,0.3,6.6,0.4,0,0,0,0,0,0,0,0,3.0,36.0,0,0
Desmond Reid,FA,RB,999.0,652.5,25.3,23.3,1.4,25.3,1.5,0,0,0,0,0,29.0,122.0,1.0,4.0,31.0,0,0
Eric Rivers,TB,WR,999.0,695.3,29.4,23.9,1.4,29.4,1.7,0,0,0,0,0,0,0,0,11.0,124.0,1.0,0
Gage Larvadain,FA,WR,999.0,648.0,1.9,1.4,0.1,1.9,0.1,0,0,0,0,0,0,0,0,1.0,9.0,0,0
Jordan Watkins,SF,WR,999.0,999.0,2.4,1.9,0.1,2.4,0.1,0,0,0,0,0,0,0,0,1.0,14.0,0,0
Arian Smith,NYJ,WR,999.0,400.7,7.1,5.6,0.3,7.1,0.4,0,0,0,0,0,1.0,6.0,0,3.0,35.0,0,0
Kalel Mullings,TEN,RB,999.0,690.0,5.6,4.6,0.3,5.6,0.3,0,0,0,0,0,5.0,20.0,0,2.0,16.0,0,0
Ricky White,SEA,WR,999.0,676.5,4.2,3.2,0.2,4.2,0.2,0,0,0,0,0,0,0,0,2.0,22.0,0,0
Devin Culp,TB,TE,999.0,668.9,7.3,5.3,0.3,7.3,0.4,0,0,0,0,0,0,0,0,4.0,33.0,0,0
Dallin Holker,FA,TE,999.0,999.0,7.5,5.5,0.3,7.5,0.4,0,0,0,0,0,0,0,0,4.0,35.0,0,0
Brevyn Spann-Ford,DAL,TE,999.0,999.0,29.4,23.4,1.4,29.4,1.7,0,0,0,0,0,0,0,0,12.0,114.0,1.0,0
