yahoo_rank,name,team,position,percent_drafted,preseason_adp,adp
1,Jahmyr Gibbs,DET,RB,100,1.6,1.6
2,Bijan Robinson,ATL,RB,100,1.8,1.8
3,Ja'Marr Chase,CIN,WR,100,3.3,3.3
4,Puka Nacua,LAR,WR,100,4.5,4.5
5,Christian McCaffrey,SF,RB,100,5.5,5.5
6,Amon-Ra St. Brown,DET,WR,100,8.4,8.4
7,Jaxon Smith-Njigba,SEA,WR,100,6.3,6.3
8,Jonathan Taylor,IND,RB,100,7.1,7.1
9,CeeDee Lamb,DAL,WR,100,10,10
10,James Cook III,BUF,RB,100,9.9,9.9
11,Justin Jefferson,MIN,WR,100,12.2,12.2
12,Saquon Barkley,PHI,RB,100,13,13
13,Ashton Jeanty,LV,RB,100,13.6,13.6
14,Kenneth Walker III,KC,RB,100,18.2,18.2
15,Chase Brown,CIN,RB,100,16.8,16.8
16,Omarion Hampton,LAC,RB,100,18.5,18.5
17,Drake London,ATL,WR,100,17.8,17.8
18,De'Von Achane,MIA,RB,100,15.7,15.7
19,Derrick Henry,BAL,RB,100,18.5,18.5
20,Nico Collins,HOU,WR,100,21.7,21.7
21,Brock Bowers,LV,TE,100,20.7,20.7
22,George Pickens,DAL,WR,100,22.3,22.3
23,A.J. Brown,NE,WR,100,25.6,25.6
24,DeVonta Smith,PHI,WR,100,29.4,29.4
25,Trey McBride,ARI,TE,100,24.3,24.3
26,Josh Allen,BUF,QB,100,19.4,19.4
27,Jeremiyah Love,ARI,RB,100,27.1,27
28,Tee Higgins,CIN,WR,100,33.5,33.5
29,Chris Olave,NO,WR,100,32.5,32.5
30,Kyren Williams,LAR,RB,100,29.7,29.7
31,Malik Nabers,NYG,WR,100,35.6,35.6
32,Zay Flowers,BAL,WR,100,38.9,38.9
33,Breece Hall,NYJ,RB,100,37.2,37.2
34,Rashee Rice,KC,WR,100,32.7,32.7
35,Jaylen Waddle,DEN,WR,100,44.6,44.7
36,Josh Jacobs,GB,RB,100,31.2,31.2
37,Javonte Williams,DAL,RB,100,35,34.9
38,Emeka Egbuka,TB,WR,100,44.5,44.5
39,Colston Loveland,CHI,TE,100,39.3,39.3
40,Garrett Wilson,NYJ,WR,100,48.5,48.5
41,Tetairoa McMillan,CAR,WR,100,40.7,40.7
42,Ladd McConkey,LAC,WR,100,46,46
43,Luther Burden III,CHI,WR,100,58,57.9
44,Travis Etienne Jr.,NO,RB,100,42.8,42.7
45,Terry McLaurin,WAS,WR,100,54.2,54.2
46,Cam Skattebo,NYG,RB,100,41.2,41.2
47,D'Andre Swift,CHI,RB,100,49.6,49.6
48,Lamar Jackson,BAL,QB,100,36,36
49,Tyler Warren,IND,TE,100,48,48
50,Christian Watson,GB,WR,100,68.9,69
51,Davante Adams,LAR,WR,100,49.9,49.9
52,Quinshon Judkins,CLE,RB,100,53.4,53.4
53,David Montgomery,HOU,RB,100,53.8,53.7
54,Bhayshul Tuten,JAX,RB,100,63.2,63.2
55,Mike Evans,SF,WR,100,65.7,65.6
56,DJ Moore,BUF,WR,100,65.5,65.4
57,Rome Odunze,CHI,WR,100,68.9,68.9
58,Jameson Williams,DET,WR,100,64.4,64.4
59,Bucky Irving,TB,RB,100,52.7,52.6
60,Drake Maye,NE,QB,100,46.9,47
61,Joe Burrow,CIN,QB,100,46.6,46.6
62,Jayden Daniels,WAS,QB,100,53.4,53.4
63,Parker Washington,JAX,WR,100,89.6,89.7
64,Jalen Hurts,PHI,QB,100,56.4,56.5
65,TreVeyon Henderson,NE,RB,100,59.5,59.3
66,Jadarian Price,SEA,RB,100,65.8,65.6
67,Rhamondre Stevenson,NE,RB,100,82.7,82.7
68,Carnell Tate,TEN,WR,100,78.2,78.1
69,Marvin Harrison Jr.,ARI,WR,100,79.8,79.8
70,Brian Thomas Jr.,JAX,WR,100,85,85
71,Tucker Kraft,GB,TE,100,61.2,61.2
72,Caleb Williams,CHI,QB,100,70.4,70.5
73,Jaylen Warren,PIT,RB,100,76.5,76.3
74,Justin Herbert,LAC,QB,100,67.2,67.3
75,Sam LaPorta,DET,TE,100,64.1,64.2
76,Jordyn Tyson,NO,WR,100,91.7,91.6
77,Tony Pollard,TEN,RB,100,86.7,86.6
78,Chuba Hubbard,CAR,RB,100,73.4,73.2
79,Alec Pierce,IND,WR,100,83.5,83.3
80,Harold Fannin Jr.,CLE,TE,100,71.5,71.5
81,DK Metcalf,PIT,WR,100,85.9,85.9
82,Trevor Lawrence,JAX,QB,100,85.7,85.8
83,Dak Prescott,DAL,QB,100,76.2,76.2
84,Kyle Pitts Sr.,ATL,TE,100,73.8,73.8
85,Quentin Johnston,LAC,WR,91,109.3,109.4
86,J.K. Dobbins,DEN,RB,100,99.4,99.4
87,Chris Godwin Jr.,TB,WR,100,98,98
88,Josh Downs,IND,WR,93,118.4,118.4
89,Rico Dowdle,PIT,RB,100,85.8,85.7
90,Jonathon Brooks,CAR,RB,85,108.3,108.3
91,Michael Wilson,ARI,WR,97,104.9,104.8
92,Brock Purdy,SF,QB,99,97.9,98
93,Blake Corum,LAR,RB,100,98.4,98.3
94,George Kittle,SF,TE,100,89.5,89.6
95,Jaxson Dart,NYG,QB,100,81.3,81.2
96,Jordan Addison,MIN,WR,94,118.9,119
97,RJ Harvey,DEN,RB,99,98.6,98.4
98,Jayden Reed,GB,WR,92,120.8,120.8
99,Bo Nix,DEN,QB,99,101.2,101.2
100,Courtland Sutton,DEN,WR,100,98.6,98.5
101,Stefon Diggs,WAS,WR,41,123.4,123.6
102,Makai Lemon,PHI,WR,99,102.8,102.7
103,Kyle Monangai,CHI,RB,100,97,96.9
104,Michael Pittman Jr.,PIT,WR,94,120,120
105,Jacory Croskey-Merritt,WAS,RB,88,117.9,117.8
106,Rachaad White,WAS,RB,84,119.6,119.6
107,Jordan Mason,MIN,RB,81,120.6,120.5
108,Kenny Gainwell,TB,RB,94,115.1,115
109,Dalton Kincaid,BUF,TE,100,100,100.2
110,Kyler Murray,MIN,QB,94,110.5,110.5
111,Patrick Mahomes,KC,QB,100,97.1,97.1
112,Matthew Stafford,LAR,QB,99,100.1,100.1
113,Travis Kelce,KC,TE,100,94.9,95
114,Matthew Golden,GB,WR,41,130.3,130.4
115,Jared Goff,DET,QB,92,115.2,115.2
116,Dallas Goedert,PHI,TE,99,106.1,106.1
117,Chris Rodriguez Jr.,JAX,RB,31,132.8,132.8
118,Jakobi Meyers,JAX,WR,75,126.9,126.9
119,Isaiah Likely,NYG,TE,99,108.6,108.6
120,Xavier Worthy,KC,WR,63,128,128
121,Mark Andrews,BAL,TE,98,114.2,114.2
122,Aaron Jones Sr.,MIN,RB,81,120.6,120.5
123,Jayden Higgins,HOU,WR,19,133.4,133.4
124,Jalen Coker,CAR,WR,10,133.6,133.6
125,Romeo Doubs,NE,WR,29,132.1,132.2
126,Wan'Dale Robinson,TEN,WR,42,130.5,130.5
127,Jordan Love,GB,QB,63,124.8,124.9
128,KC Concepcion,CLE,WR,26,131.9,132
129,Malik Willis,MIA,QB,38,124.5,124.5
130,Baker Mayfield,TB,QB,44,127.3,127.5
131,Keaton Mitchell,LAC,RB,8,132.6,132.5
132,De'Zhaun Stribling,SF,WR,2,132.1,132.3
133,Tyrone Tracy Jr.,NYG,RB,26,130.6,130.6
134,Rashid Shaheed,SEA,WR,13,129.3,129.3
135,Tyler Shough,NO,QB,30,129.6,129.7
136,Jake Ferguson,DAL,TE,97,113.8,113.8
137,Tyler Allgeier,ARI,RB,28,129.9,129.9
138,Tank Bigsby,PHI,RB,6,131.6,131.7
139,Woody Marks,HOU,RB,10,132.3,132.3
140,Zach Charbonnet,SEA,RB,39,128.2,128.2
141,Deebo Samuel Sr.,SF,WR,19,127.8,128
142,Chig Okonkwo,WAS,TE,48,126.9,126.9
143,Alvin Kamara,NO,RB,21,126.8,126.9
144,Khalil Shakir,BUF,WR,14,132.7,132.8
145,Jalen McMillan,TB,WR,2,130.4,130.4
146,Tyjae Spears,TEN,RB,4,133,133.1
147,Texans,HOU,DEF,100,91.9,91.8
148,Jalen Nailor,LV,WR,2,129.8,129.7
149,Jonah Coleman,DEN,RB,6,131.3,131.3
150,Daniel Jones,IND,QB,7,128.9,129
151,Isiah Pacheco,DET,RB,17,126.8,126.9
152,Brian Robinson,ATL,RB,5,124.3,124.4
153,Adonai Mitchell,NYJ,WR,,,
154,Sam Darnold,SEA,QB,15,123.5,123.5
155,Juwan Johnson,NO,TE,20,131,131.1
156,Broncos,DEN,DEF,100,100.7,100.7
157,Brenton Strange,JAX,TE,49,128.3,128.3
158,Travis Hunter,JAX,WR,9,127,127.2
159,Seahawks,SEA,DEF,100,106.2,106.3
160,C.J. Stroud,HOU,QB,9,126.1,126.2
161,Rams,LAR,DEF,100,91.3,91.3
162,Cam Ward,TEN,QB,3,126.5,126.7
163,Denzel Boston,CLE,WR,3,130.6,130.6
164,Hunter Henry,NE,TE,54,128.6,128.6
165,Brandon Aubrey,DAL,K,100,84.9,84.9
166,Dylan Sampson,CLE,RB,2,131.4,131.4
167,Oronde Gadsden,LAC,TE,49,125.9,125.9
168,Ray Davis,BUF,RB,,,
169,Jaydon Blue,DAL,RB,,,
170,Bryce Young,CAR,QB,2,124.1,124
171,Ryan Flournoy,DAL,WR,,,
172,MarShawn Lloyd,GB,RB,,,
173,Eagles,PHI,DEF,100,123.3,123.4
174,Patriots,NE,DEF,99,126.7,126.7
175,Vikings,MIN,DEF,97,131,131.1
176,Omar Cooper Jr.,NYJ,WR,2,131.5,131.5
177,Ka'imi Fairbairn,HOU,K,100,119.7,119.8
178,Tre Tucker,LV,WR,,,
179,Greg Dulcich,MIA,TE,2,132.9,132.9
180,Cameron Dicker,LAC,K,100,123.6,123.7
181,Kenyon Sadiq,NYJ,TE,21,129.6,129.7
182,Jaguars,JAX,DEF,85,136.8,136.9
183,AJ Barner,SEA,TE,5,126.4,126.5
184,Cam Little,JAX,K,100,128.2,128.4
185,Steelers,PIT,DEF,81,134.5,134.6
186,Emmett Johnson,KC,RB,2,130.1,130
187,Kaytron Allen,WAS,RB,,,
188,Isaac TeSlaa,DET,WR,3,125.3,125.4
189,Mike Washington Jr.,LV,RB,2,130.2,130.2
190,Jason Myers,SEA,K,100,126,126.1
191,Tre' Harris,LAC,WR,,,
192,Dontayvion Wicks,PHI,WR,,,
193,Ravens,BAL,DEF,49,136.7,136.8
194,Nicholas Singleton,TEN,RB,2,132,132.2
195,T.J. Hockenson,MIN,TE,10,130.2,130.3
196,Chargers,LAC,DEF,64,138.5,138.6
197,Jerry Jeudy,CLE,WR,,,
198,Braelon Allen,NYJ,RB,,,
199,Jauan Jennings,MIN,WR,2,128.7,128.7
200,Jake Bates,DET,K,58,138.2,138.4
201,Evan McPherson,CIN,K,63,142.8,142.9
202,Tyler Loop,BAL,K,91,141.5,141.5
203,Terrance Ferguson,LAR,TE,2,126.6,126.8
204,Ollie Gordon II,MIA,RB,,,
205,Packers,GB,DEF,19,137.7,137.7
206,Demond Claiborne,MIN,RB,,,
207,Dalton Schultz,HOU,TE,4,128.8,129.1
208,Chiefs,KC,DEF,8,135.9,135.9
209,Isaiah Davis,NYJ,RB,,,
210,Eddy Pineiro,SF,K,68,143.6,143.7
211,Cairo Santos,CHI,K,31,144.4,144.6
212,Jaylin Noel,HOU,WR,,,
213,George Holani,SEA,RB,,,
214,James Conner,ARI,RB,3,126.7,126.8
215,Antonio Williams,WAS,WR,,,
216,Jacoby Brissett,ARI,QB,,,
217,Harrison Mevis,LAR,K,49,133.1,133.2
218,Kaelon Black,SF,RB,,,
219,Malik Washington,MIA,WR,,,
220,Gunnar Helm,TEN,TE,,,
221,Calvin Ridley,TEN,WR,,,
222,Sean Tucker,TB,RB,,,
223,Andy Borregales,NE,K,48,144.8,144.9
224,Fernando Mendoza,LV,QB,5,122.3,122.6
225,Lions,DET,DEF,33,137.5,137.6
226,Zachariah Branch,ATL,WR,,,
227,Kimani Vidal,LAC,RB,,,
228,Jack Bech,LV,WR,,,
229,Bills,BUF,DEF,11,131.9,131.9
230,Chase McLaughlin,TB,K,11,142.1,142.2
231,Cowboys,DAL,DEF,11,129.5,129.5
232,Darnell Mooney,NYG,WR,,,
233,Jordan James,SF,RB,,,
234,DJ Giddens,IND,RB,,,
235,Adam Randall,BAL,RB,,,
236,Emari Demercado,KC,RB,,,
237,Kayshon Boutte,NE,WR,,,
238,Chris Boswell,PIT,K,33,139.1,139.2
239,Justice Hill,BAL,RB,,,
240,Tahj Brooks,CIN,RB,,,
241,Geno Smith,NYJ,QB,,,
242,Tua Tagovailoa,ATL,QB,,,
243,Will Reichard,MIN,K,11,138.3,138.5
244,Kirk Cousins,LV,QB,,,
245,Harrison Butker,KC,K,14,133,133.2
246,Rashod Bateman,BAL,WR,,,
247,49ers,SF,DEF,9,128.7,128.8
248,Pat Bryant,DEN,WR,,,
249,Giants,NYG,DEF,3,130.9,130.9
250,Jahan Dotson,ATL,WR,,,
251,Bengals,CIN,DEF,,,
252,Tyquan Thornton,KC,WR,,,
253,Germie Bernard,PIT,WR,,,
254,Falcons,ATL,DEF,3,135.4,135.6
255,Skyler Bell,BUF,WR,,,
256,Emanuel Wilson,SEA,RB,,,
257,Michael Penix Jr.,ATL,QB,,,
258,Tory Horton,SEA,WR,,,
259,Aaron Rodgers,PIT,QB,2,117.6,117.8
260,Malachi Fields,NYG,WR,,,
261,Darius Slayton,NYG,WR,,,
262,Colts,IND,DEF,,,
263,Bears,CHI,DEF,5,128.7,128.8
264,Troy Franklin,DEN,WR,,,
265,Charlie Smyth,NO,K,,,
266,Chris Bell,MIA,WR,,,
267,Elijah Sarratt,BAL,WR,,,
268,Ted Hurst III,TB,WR,,,
269,Trey Smack,GB,K,,,
270,Shedeur Sanders,CLE,QB,,,
271,Keenan Allen,LAC,WR,,,
272,Cade Otton,TB,TE,,,
273,Wil Lutz,DEN,K,5,133,133
274,Tank Dell,HOU,WR,,,
275,Jalen Tolbert,MIA,WR,,,
276,Panthers,CAR,DEF,,,
277,Ja'Kobi Lane,BAL,WR,,,
278,Cyrus Allen,KC,WR,,,
279,Caleb Douglas,MIA,WR,,,
280,Colby Parkinson,LAR,TE,,,
281,Najee Harris,LAC,RB,,,
282,Cooper Kupp,SEA,WR,,116,
283,Eli Stowers,PHI,TE,,,
284,Nick Chubb,HOU,RB,,,
285,Pat Freiermuth,PIT,TE,2,125.5,125.6
286,Jake Elliott,PHI,K,5,129.4,129.5
287,Tyler Higbee,LAR,TE,,,
288,Darnell Washington,PIT,TE,,,
289,Samaje Perine,CIN,RB,,,
290,Browns,CLE,DEF,6,135.6,135.6
291,Evan Engram,DEN,TE,,,
292,Titans,TEN,DEF,,,
293,Chris Brooks,GB,RB,,,
294,Jaylen Wright,MIA,RB,,,
295,Buccaneers,TB,DEF,,,
296,Devin Neal,NO,RB,,,
297,Phil Mafah,DAL,RB,,,
298,Xavier Legette,CAR,WR,,,
299,Deshaun Watson,CLE,QB,,,
300,Saints,NO,DEF,,,
301,Brandon Aiyuk,SF,WR,2,132.3,132.3
302,Tyreek Hill,MIA,WR,5,132.4,132.5
303,Elic Ayomanor,TEN,WR,,,
304,Devaughn Vele,NO,WR,,,
305,Chris Brazzell II,CAR,WR,,,
306,Konata Mumpfield,LAR,WR,,,
307,Keon Coleman,BUF,WR,,,
308,Mike Gesicki,CIN,TE,,,
309,David Njoku,LAC,TE,3,125.7,125.6
310,Eli Raridon,NE,TE,,,
311,Treylon Burks,WAS,WR,,,
312,Charlie Kolar,LAC,TE,,,
313,Mason Taylor,NYJ,TE,,,
314,Malik Davis,DAL,RB,,,
315,Chimere Dike,TEN,WR,,,
316,Ty Johnson,BUF,RB,,,
317,Brenen Thompson,LAC,WR,,,
318,Andrei Iosivas,CIN,WR,,,
319,Marvin Mims Jr.,DEN,WR,,,
320,Erick All Jr.,CIN,TE,,,
321,Kaleb Johnson,PIT,RB,,,
322,Jake Tonges,SF,TE,,,
323,Christian Kirk,SF,WR,,,
324,Mitchell Evans,CAR,TE,,,
325,Luke McCaffrey,WAS,WR,,,
326,Kendre Miller,NO,RB,,,
327,Carson Beck,ARI,QB,,,
328,Oscar Delp,NO,TE,,,
329,Trey Benson,ARI,RB,,,
330,Seth McGowan,IND,RB,,,
331,Theo Johnson,NYG,TE,,,
332,LeQuint Allen Jr.,JAX,RB,,,
333,Devin Singletary,NYG,RB,,,
334,Trevor Etienne,CAR,RB,,,
335,Jarquez Hunter,LAR,RB,,,
336,Jawhar Jordan,HOU,RB,,,
337,Sione Vaki,DET,RB,,,
338,Raheim Sanders,CLE,RB,,,
339,Hollywood Brown,PHI,WR,,,
340,Ashton Dulin,IND,WR,,,
341,Savion Williams,GB,WR,,,
342,Brashard Smith,KC,RB,,,
343,Kevin Coleman Jr.,MIA,WR,,,
344,Kyle Williams,NE,WR,,,
345,Isaiah Bond,CLE,WR,,,
346,Kalif Raymond,CHI,WR,,,
347,Mack Hollins,NE,WR,,,
348,DeMario Douglas,NE,WR,,,
349,Calvin Austin III,NYG,WR,,,
350,Devontez Walker,BAL,WR,,,
351,Kendrick Bourne,ARI,WR,,,
353,Darren Waller,MIA,TE,,,
354,Zach Ertz,WAS,TE,,,
355,Spencer Shrader,IND,K,,,
356,Kareem Hunt,KC,RB,,,
357,Justin Fields,KC,QB,,,
358,Zane Gonzalez,MIA,K,,,
359,Ricky Pearsall,SF,WR,83,114.5,114.5
360,Jake Moody,WAS,K,,,
361,Jonnu Smith,PIT,TE,,,
362,Dawson Knox,BUF,TE,,,
364,Carson Wentz,MIN,QB,,,
365,Brandon McManus,GB,K,,,
366,Noah Fant,NO,TE,,,
367,Joey Slye,TEN,K,,,
370,Michael Carter,TEN,RB,,,
371,Taysom Hill,NO,TE,,,
372,Chad Ryland,ARI,K,,,
373,Blake Grupe,IND,K,,,
374,Cole Kmet,CHI,TE,,,
376,Nick Folk,ATL,K,4,129.6,129.7
379,Audric Estime,NO,RB,,,
382,Matt Gay,LV,K,,,
2011,Bam Knight,ARI,RB,,,
2022,Josh Oliver,MIN,TE,,,
2024,Dolphins,MIA,DEF,,,
2025,Austin Hooper,ATL,TE,,,
2026,Brock Wright,DET,TE,,,
2027,Michael Mayer,LV,TE,,,
2028,Greg Dortch,DET,WR,,,
2029,Joe Mixon,HOU,RB,,,
2030,KaVontae Turpin,DAL,WR,,,
2031,Riley Patterson,MIA,K,,,
2032,Matt Prater,BUF,K,,,
2033,Joe Flacco,CIN,QB,,,
2034,Sterling Shepard,TB,WR,,,
2035,Joshua Karty,ARI,K,,,
2036,Olamide Zaccheaus,ATL,WR,,,
2037,Kevin Austin Jr.,NO,WR,,,
2038,Cedric Tillman,CLE,WR,,,
2039,Tanner Hudson,CIN,TE,,,
2040,Miles Sanders,DAL,RB,,,
2041,J.J. McCarthy,MIN,QB,,,
2042,Ja'Tavion Sanders,CAR,TE,,,
2043,Tez Johnson,TB,WR,,,
2044,Daniel Bellinger,TEN,TE,,,
2045,Hunter Renfrow,CAR,WR,,,
2046,Tommy Tremble,CAR,TE,,,
2047,Gabe Davis,BUF,WR,,,
2048,Xavier Hutchinson,HOU,WR,,,
2049,John Metchie III,CAR,WR,,,
2050,Cardinals,ARI,DEF,,,
2051,Hunter Long,JAX,TE,,,
2052,Jackson Hawes,BUF,TE,,,
2053,Commanders,WAS,DEF,,,
2054,Mac Jones,SF,QB,,,
2055,Adam Trautman,DEN,TE,,,
2056,DeAndre Hopkins,BAL,WR,,,
2057,Tyler Conklin,DET,TE,,,
2058,Daniel Carlson,LV,K,,,
2059,Demarcus Robinson,SF,WR,,,
2060,Raiders,LV,DEF,,,
2061,Joshua Palmer,BUF,WR,,,
2062,Lil'Jordan Humphrey,DEN,WR,,,
2063,Noah Gray,KC,TE,,,
2064,Van Jefferson,WAS,WR,,,
2065,Jahdae Walker,CHI,WR,,,
2066,Davis Allen,LAR,TE,,,
2067,Ben Sinnott,WAS,TE,,,
2068,Tyler Johnson,DAL,WR,,,
2069,Tim Patrick,NYJ,WR,,,
2070,Elijah Higgins,ARI,TE,,,
2071,JuJu Smith-Schuster,NYG,WR,,,
2072,Will Dissly,LAC,TE,,,
2073,Josh Reynolds,NYJ,WR,,,
2074,Austin Ekeler,WAS,RB,,,
2075,Antonio Gibson,NE,RB,,,
2076,Andre Szmyt,CLE,K,,,
2077,Younghoe Koo,NYG,K,,,
2078,Tutu Atwell,MIA,WR,,,
2079,Tyler Lockett,LV,WR,,,
2080,Ryan Fitzgerald,CAR,K,,,
2081,Luke Musgrave,GB,TE,,,
2082,Nick Vannett,SEA,TE,,,
2083,Spencer Rattler,NO,QB,,,
2084,Tyrell Shavers,BUF,WR,,,
2085,Brandin Cooks,NO,WR,,,
2086,Mitch Tinsley,CIN,WR,,,
2087,Noah Brown,WAS,WR,,,
2088,Alexander Mattison,MIA,RB,,,
2089,Marquez Valdes-Scantling,DAL,WR,,,
2090,Bub Means,NO,WR,,,
2091,Dyami Brown,WAS,WR,,,
2092,CJ Dippre,NE,TE,,,
2093,Carsen Ryan,CLE,TE,,,
2094,RJ Maryland,GB,TE,,,
2095,Carson Towt,IND,TE,,,
2096,Evan Svoboda,LAC,TE,,,
2097,Thomas Fidone II,NYG,TE,,,
2098,Chris Myarick,LV,TE,,,
2099,Albert Okwuegbunam Jr.,LV,TE,,,
2100,Bauer Sharp,TB,TE,,,
2101,Lance Mason,PIT,TE,,,
2102,Marcedes Lewis,DEN,TE,,,
2103,DJ Rogers,DAL,TE,,,
2104,Josh Cuevas,BAL,TE,,,
2105,Messiah Swinson,GB,TE,,,
2106,Tanner Arkin,NE,TE,,,
2107,Johnny Pascuzzi,LAC,TE,,,
2108,Connor Hulstein,NYJ,TE,,,
2109,Chamon Metayer,CAR,TE,,,
2110,Devin Culp,TB,TE,,,
2111,Sal Cannella,CLE,TE,,,
2112,Ademola Faleye,TB,TE,,,
2113,Justin Joly,DEN,TE,,,
2114,Treyton Welch,NO,TE,,,
2115,Mitch Van Vooren,NE,TE,,,
2116,Jared Wiley,KC,TE,,,
2117,Tre Watson,KC,TE,,,
2118,Robert Tonyan,PIT,TE,,,
2119,Nikola Kalinic,CHI,TE,,,
2120,Sam Roush,CHI,TE,,,
2121,Eni Falayi,GB,TE,,,
2122,Patrick Gurd,LV,TE,,,
2123,E.J. Jenkins,PHI,TE,,,
2124,Matt Hibner,BAL,TE,,,
2125,Bryson Nesbit,MIN,TE,,,
2126,Tanner Koziol,JAX,TE,,,
2127,Rivaldo Fairweather,ARI,TE,,,
2128,Travis Vokolek,ARI,TE,,,
2129,Dallen Bentley,DEN,TE,,,
2130,James Mitchell,CAR,TE,,,
2131,Nate Boerkircher,JAX,TE,,,
2132,Matt Lauter,LV,TE,,,
2133,Tyree Jackson,WAS,TE,,,
2134,Michael Trigg,DAL,TE,,,
2135,Caden Prieskorn,CAR,TE,,,
2136,Khalil Dinkins,SF,TE,,,
2137,Joshua Simon,ATL,TE,,,
2138,DeShawn Hanika,IND,TE,,,
2139,Zaire Mitchell-Paden,NO,TE,,,
2140,Joel Wilson,TEN,TE,,,
2141,Stone Eby,DEN,TE,,,
2142,Brandon Frazier,ATL,TE,,,
2143,Hayden Rucci,SF,TE,,,
2144,Luke Lachey,GB,TE,,,
2145,McCallan Castles,GB,TE,,,
2146,Keleki Latu,BUF,TE,,,
2147,Nick Kallerup,SEA,TE,,,
2148,Nick Muse,NYJ,TE,,,
2149,Brett Weaver,DEN,TE,,,
2150,Max Klare,LAR,TE,,,
2151,Kenny Fletcher Jr.,TB,TE,,,
2152,Zack Kuntz,DAL,TE,,,
2153,Jaren Kanak,TEN,TE,,,
2154,Chase Curtis,NYJ,TE,,,
2155,Jerand Bradley,LAC,TE,,,
2156,Hayden Large,CHI,TE,,,
2157,Jake Briningstool,KC,TE,,,
2158,Louis Hansen,HOU,TE,,,
2159,Ty Pezza,BAL,TE,,,
2160,Miles Kitselman,DET,TE,,,
2161,Marshall Lang,MIN,TE,,,
2162,Thomas Gordon,DET,TE,,,
2163,Dan Villari,LAR,TE,,,
2164,Drake Dabney,GB,TE,,,
2165,Drew Biber,GB,TE,,,
2166,Josh Kattus,CIN,TE,,,
2167,Lake McRee,PIT,TE,,,
2168,Patrick Herbert,JAX,TE,,,
2169,Jameson Geers,ARI,TE,,,
2170,Jack Endries,CIN,TE,,,
2171,Shawn Bowman,ARI,TE,,,
2172,Zach Horton,DET,TE,,,
2173,Heinrich Haarberg,CAR,TE,,,
2174,Layne Pryor,HOU,TE,,,
2175,Teagan Quitoriano,ARI,TE,,,
2176,Princeton Fant,DAL,TE,,,
2177,JJ Galbreath,PIT,TE,,,
2178,Quentin Moore,WAS,TE,,,
2179,Jeremiah Franklin,MIA,TE,,,
2180,John Michael Gyllenborg,KC,TE,,,
2181,Moliki Matavao,NO,TE,,,
2182,Sean McKeon,IND,TE,,,
2183,Jelani Woods,NYJ,TE,,,
2184,Tanner McLachlan,SF,TE,,,
2185,Rohan Jones,LAR,TE,,,
2186,Cody Hardy,NO,TE,,,
2187,Cole Turner,MIA,TE,,,
2188,Jack Velling,ATL,TE,,,
2189,Lawrence Cager,WAS,TE,,,
2190,Gavin Bartholomew,MIN,TE,,,
2191,Mark Redman,LAR,TE,,,
2192,Ethan Conner,JAX,TE,,,
2193,Stephen Carlson,CHI,TE,,,
2194,Caleb Lohner,DEN,TE,,,
2195,Dae'Quan Wright,PHI,TE,,,
2196,Jalin Conyers,MIA,TE,,,
2197,Mason Pline,KC,TE,,,
2198,Joe Royer,CLE,TE,,,
2199,Marlin Klein,HOU,TE,,,
2200,Will Kacmarek,MIA,TE,,,
2201,Seydou Traore,MIA,TE,,,
2202,Brevin Jordan,HOU,TE,,,
2203,Thomas Yassmin,GB,TE,,,
2204,Bryce Pierre,CAR,TE,,,
2205,Ko Kieft,TB,TE,,,
2206,Tyler Moore,NYG,TE,,,
2207,Donald Parham Jr.,PIT,TE,,,
2208,Shane Zylstra,BUF,TE,,,
2209,Qadir Ismail,CHI,TE,,,
2210,David Sills V,TB,WR,,,
2211,Marcus Mariota,WAS,QB,,,
2212,Jeremy Ruckert,NYJ,TE,,,
2213,Grant Calcaterra,PHI,TE,,,
2214,Elijah Arroyo,SEA,TE,,,
2215,Kenny Yeboah,ARI,TE,,,
2216,Ian Thomas,LV,TE,,,
2217,Josh Whyle,GB,TE,,,
2218,Isaiah Hodgins,NYG,WR,,,
2219,Chris Manhertz,NYG,TE,,,
2220,Elijah Moore,PHI,WR,,,
2221,Mo Alie-Cox,IND,TE,,,
2222,Ben Sims,MIA,TE,,,
2223,David Moore,CAR,WR,,,
2224,Foster Moreau,HOU,TE,,,
2225,Cam Grandy,CIN,TE,,,
2226,Jackson Meeks,DET,"WR,TE",,,
2227,Justin Shorter,LV,"WR,TE",,,
2228,Drew Sample,CIN,TE,,,
2229,Zay Jones,ARI,WR,,,
2230,Chris Moore,BAL,WR,,,
2231,Nate Adkins,DEN,TE,,,
2232,Pharaoh Brown,IND,TE,,,
2233,Curtis Samuel,BUF,WR,,,
2234,Roman Wilson,PIT,WR,,,
2235,Jaheim Bell,PIT,TE,,,
2236,Will Mallory,IND,TE,,,
2237,Cade Stover,HOU,TE,,,
2238,Ainias Smith,CAR,WR,,,
2239,Jaleel McLaughlin,DEN,RB,,,
2240,Anthony Firkser,DET,TE,,,
2241,Malik Heath,ATL,WR,,,
2242,John Bates,WAS,TE,,,
2243,Jaret Patterson,LAC,RB,,,
2244,Xavier Restrepo,TEN,WR,,,
2245,Jeremiah Webb,NE,WR,,,
2246,Vinny Anthony II,ATL,WR,,,
2247,Trayvon Rudolph,MIN,WR,,,
2248,Courtney Jackson,TEN,WR,,,
2249,Montrell Washington,HOU,WR,,,
2250,A.T. Perry,DEN,WR,,,
2251,Cortez Braham Jr.,BAL,WR,,,
2252,Wesley Grimes,SF,WR,,,
2253,CJ Daniels,LAR,WR,,,
2254,Dohnte Meyers,CIN,WR,,,
2255,Shaleak Knotts,MIN,WR,,,
2256,Josh Kelly,HOU,WR,,,
2257,Squirrel White,CHI,WR,,,
2258,Jacob De Jesus,KC,WR,,,
2259,Kendrick Law,DET,WR,,,
2260,Tyren Montgomery,TEN,WR,,,
2261,Luke Wysong,MIN,WR,,,
2262,Jakobie Keeney-James,PIT,WR,,,
2263,Hank Beatty,TEN,WR,,,
2264,Trebor Pena,JAX,WR,,,
2265,Junior Bergen,SF,WR,,,
2266,Jalen Virgil,ARI,WR,,,
2267,Tay Martin,DET,WR,,,
2268,Corey Rucker,LV,WR,,,
2269,Stephen Gosnell,BUF,WR,,,
2270,Camden Brown,DAL,WR,,,
2271,Kyron Hudson,CHI,WR,,,
2272,JP Richardson,CHI,WR,,,
2273,Tommy Thomas,DEN,WR,,,
2274,Dane Key,DEN,WR,,,
2275,Cole Burgess,PIT,WR,,,
2276,Tejhaun Palmer,NE,WR,,,
2277,Liam Clifford,IND,WR,,,
2278,Nick DeGennaro,NE,WR,,,
2279,Xavier Guillory,BAL,WR,,,
2280,Xavier Johnson,CIN,WR,,,
2281,Mekhi Mews,NO,WR,,,
2282,Andrew Armstrong,KC,WR,,,
2283,Elijah Cooks,CAR,WR,,,
2284,Mac Dalena,BUF,WR,,,
2285,Jimmy Holiday,KC,WR,,,
2286,Ja'seem Reed,CAR,WR,,,
2287,Brandon Hayes,PHI,WR,,,
2288,Trent Taylor,SF,WR,,,
2289,Samori Toure,PHI,WR,,,
2290,Maurice Alexander,CHI,WR,,,
2291,E.J. Williams Jr.,LV,WR,,,
2292,John Rhys Plumlee,PIT,WR,,,
2293,Raylen Sharpe,IND,WR,,,
2294,Jeff Caldwell,KC,WR,,,
2295,Jonathan Brady,LV,WR,,,
2296,Nick Nash,WAS,WR,,,
2297,Jacoby Jones,WAS,WR,,,
2298,Colton Dowell,SF,WR,,,
2299,Jared Wayne,HOU,WR,,,
2300,Jalen Moreno-Cropper,NO,WR,,,
2301,Michael Briscoe,MIN,WR,,,
2302,Gabriel Benyard,CAR,WR,,,
2303,Kolbe Katsis,DEN,WR,,,
2304,Mario Williams,LAR,WR,,,
2305,Jimmy Kibble,NE,WR,,,
2306,Jaden Bradley,WAS,WR,,,
2307,Kyre Duplessis,DEN,WR,,,
2308,Michael Wortham,JAX,WR,,,
2309,Hal Presley III,KC,WR,,,
2310,Quentin Skinner,BUF,WR,,,
2311,Lewis Bond,HOU,WR,,,
2312,DT Sheffield,NYJ,WR,,,
2313,Jalen Royals,KC,WR,,,
2314,Brady Boyd,JAX,WR,,,
2315,Malik Turner,SF,WR,,,
2316,Quez Watkins,PHI,WR,,,
2317,Max Tomczak,BUF,WR,,,
2318,Terrill Davis,MIN,WR,,,
2319,Devonte Ross,LAC,WR,,,
2320,Caullin Lacy,NYJ,WR,,,
2321,Dontae Fleming,MIN,WR,,,
2322,Chandler Brayboy,JAX,WR,,,
2323,Malik Rutherford,ATL,WR,,,
2324,Roc Taylor,CAR,WR,,,
2325,Daniel Sobkowicz,HOU,WR,,,
2326,Mante Morrow,LAC,WR,,,
2327,Cameron Dorner,NE,WR,,,
2328,Brennan Presley,LAR,WR,,,
2329,Will Sheppard,GB,WR,,,
2330,Sincere Brown,LAC,WR,,,
2331,Brandon Johnson,LV,WR,,,
2332,Kisean Johnson,GB,WR,,,
2333,Jeshaun Jones,MIN,WR,,,
2334,Joseph Manjack,DEN,WR,,,
2335,Aaron Anderson,CLE,WR,,,
2336,Kyrese Rowan,DEN,WR,,,
2337,Marcus Burke,TEN,WR,,,
2338,Tyrone Broden,SEA,WR,,,
2339,Octavian Smith Jr.,BAL,WR,,,
2340,Eli Pancol,IND,WR,,,
2341,Luke Floriea,CLE,WR,,,
2342,Omari Kelly,CHI,WR,,,
2343,Coleman Owen,IND,WR,,,
2344,Levi Wentz,PIT,WR,,,
2345,Jamaal Pritchett,NYJ,WR,,,
2346,Barion Brown,NO,WR,,,
2347,Jeff Weimer,KC,WR,,,
2348,Jaden Smith,DAL,WR,,,
2349,Kobe Prentice,NE,WR,,,
2350,AJ Henning,MIA,WR,,,
2351,D.J. Montgomery,IND,WR,,,
2352,Romello Brinson,DAL,WR,,,
2353,Marcus Sanders Jr.,MIN,WR,,,
2354,Sahmir Hagans,IND,WR,,,
2355,Harrison Wallace III,ARI,WR,,,
2356,Phillip Dorsett II,LV,WR,,,
2357,Rashad Rochelle,SEA,WR,,,
2358,Montorie Foster Jr.,SEA,WR,,,
2359,Joshua Cephus,JAX,WR,,,
2360,Zavion Thomas,CHI,WR,,,
2361,Jalen Walthall,NYJ,WR,,,
2362,Malik Benson,LV,WR,,,
2363,Chris Hilton Jr.,GB,WR,,,
2364,Reggie Virgil,ARI,WR,,,
2365,Bryson Green,ARI,WR,,,
2366,Damien Alford,NO,WR,,,
2367,Kaden Wetjen,PIT,WR,,,
2368,Noah Short,TB,WR,,,
2369,JaQuae Jackson,LAC,WR,,,
2370,Treyvhon Saunders,HOU,WR,,,
2371,Kendric Pryor,CIN,WR,,,
2372,Lawrence Keys,BUF,WR,,,
2373,John Jiles,NE,WR,,,
2374,Ricky White III,SEA,WR,,,
2375,Colbie Young,CIN,WR,,,
2376,Danny Gray,PHI,WR,,,
2377,Malik Cunningham,DET,WR,,,
2378,Joaquin Davis,PIT,WR,,,
2379,Juice Wells Jr.,ATL,WR,,,
2380,Dalevon Campbell,LAC,WR,,,
2381,Tru Edwards,LAR,WR,,,
2382,Le'Meke Brockington,ATL,WR,,,
2383,Brandon Smith,PIT,WR,,,
2384,Jason Brownlee,KC,WR,,,
2385,Isaiah Neyor,GB,WR,,,
2386,Cameron Ross,DEN,WR,,,
2387,Dalen Cambre,NYG,WR,,,
2388,Donaven McCulley,MIA,WR,,,
2389,Cornelius Johnson,BAL,WR,,,
2390,Erik Ezukanma,PHI,WR,,,
2391,Kyle Dixon,NE,WR,,,
2392,Kole Wilson,CLE,WR,,,
2393,J. Michael Sturdivant,GB,WR,,,
2394,Dominic Lovett,DET,WR,,,
2395,Denzel Mims,DAL,WR,,,
2396,Deion Burks,IND,WR,,,
2397,Noah Thomas,CIN,WR,,,
2398,Chase Roberts,LV,WR,,,
2399,Chris Blair,ATL,WR,,,
2400,Kristian Wilkerson,ATL,WR,,,
2401,Emmanuel Henderson Jr.,SEA,WR,,,
2402,Ja'Mori Maclin,BUF,WR,,,
2403,Garrett Greene,TB,WR,,,
2404,Dillon Bell,MIN,WR,,,
2405,Quincy Skinner Jr.,NYJ,WR,,,
2406,Tarik Black,DET,WR,,,
2407,Bryce Lance,NO,WR,,,
2408,Sean Brown,DEN,WR,,,
2409,Eric Rivers Jr.,TB,WR,,,
2410,Brock Rechsteiner,NO,WR,,,
2411,Xavier Loyd,KC,WR,,,
2412,Tahj Washington,MIA,WR,,,
2413,Lance McCutcheon,TEN,WR,,,
2414,Gee Scott,NE,WR,,,
2415,Dean Patterson,TB,WR,,,
2416,Dennis Houston,TB,WR,,,
2417,Omari Evans,KC,WR,,,
2418,E.J. Horton,IND,WR,,,
2419,Shedrick Jackson,LV,WR,,,
2420,Dayton Wade,BAL,WR,,,
2421,Traeshon Holden,DAL,WR,,,
2422,Malik McClain,NYJ,WR,,,
2423,Keelan Marion,ATL,WR,,,
2424,Jordan Watkins,SF,WR,,,
2425,Hakeem Butler,DEN,WR,,,
2426,Isaiah Wooden,LAC,WR,,,
2427,Anthony Smith,DAL,WR,,,
2428,Malick Meiga,CAR,WR,,,
2429,Kaden Davis,CHI,WR,,,
2430,Luke Grimm,LAC,WR,,,
2431,Ben Patterson,JAX,WR,,,
2432,Ja'Corey Brooks,WAS,WR,,,
2433,Cam Camper,NYJ,WR,,,
2434,CJ Williams,JAX,WR,,,
2435,Jordan Moore,CIN,WR,,,
2436,Da'Quan Felton,NYJ,WR,,,
2437,Brenden Rice,LV,WR,,,
2438,Alex Bullock,JAX,WR,,,
2439,Josh Cameron,JAX,WR,,,
2440,Jordan Hudson,DAL,WR,,,
2441,Kaden Prather,GB,WR,,,
2442,Theo Wease Jr.,MIA,WR,,,
2443,Lucky Jackson,DET,WR,,,
2444,Will Pauling,SF,WR,,,
2445,Sincere McCormick,SF,RB,,,
2446,Justin Watson,HOU,WR,,,
2447,Jets,NYJ,DEF,,,
2448,Riley Nowakowski,PIT,"RB,TE",,,
2449,Robbie Ouzts,SEA,"RB,TE",,,
2450,Luke Schoonmaker,DAL,TE,,,
2451,John FitzPatrick,GB,TE,,,
2452,Michael Bandy,DEN,WR,,,
2453,Jason Sanders,NYJ,K,,,
2454,DJ Turner,HOU,WR,,,
2455,Jaylin Lane,WAS,WR,,,
2456,Parris Campbell,DAL,WR,,,
2457,Julian Hill,NE,TE,,,
2458,Cam Akers,SEA,RB,,,
2459,Jake Browning,TB,QB,,,
2460,K.J. Osborn,TEN,WR,,,
2461,Jeremy McNichols,WAS,RB,,,
2462,Stone Smartt,PHI,TE,,,
2463,Mecole Hardman Jr.,BUF,WR,,,
2464,Luke Farrell,SF,TE,,,
2465,Johnny Mundt,PHI,TE,,,
2466,Nick Westbrook-Ikhine,IND,WR,,,
2467,Max Hurleman,PIT,"WR,RB",,,
2468,Ja'Lynn Polk,NO,WR,,,
2469,River Cracraft,WAS,WR,,,
2470,Michael Woods II,DEN,WR,,,
2471,Trey Palmer,NO,WR,,,
2472,Casey Washington,CAR,WR,,,
2473,Tyler Bass,BUF,K,4,135.1,135.3
2474,Jalen Reagor,MIA,WR,,,
2475,Bryce Oliver,TEN,WR,,,
2476,Brenden Bates,CLE,TE,,,
2477,Dan Chisena,CAR,WR,,,
2478,Jimmy Horn Jr.,CAR,WR,,,
2479,Tanner Conner,NYG,TE,,,
2480,Odell Beckham Jr.,NYG,WR,,,
2481,Patrick Taylor Jr.,SF,RB,,,
2482,Johnny Wilson,PHI,WR,,,
2483,Jerome Ford,WAS,RB,,,
2484,Darius Cooper,PHI,WR,,,
2485,Isaiah Williams,NYJ,WR,,,
2486,Terrace Marshall Jr.,MIA,WR,,,
2487,Russell Wilson,NYG,QB,,,
2488,Tim Jones,JAX,WR,,,
2489,Lucas Scott,BAL,RB,,,
2490,Myles Montgomery,NE,RB,,,
2491,Damien Martinez,GB,RB,,,
2492,Dominic Richardson,DAL,RB,,,
2493,Desmond Reid,BUF,RB,,,
2494,Anthony Tyus III,CAR,RB,,,
2495,Elijah Tau-Tolliver,BAL,RB,,,
2496,Jabari Small,DET,RB,,,
2497,Julius Davis,DEN,RB,,,
2498,Damon Bankston,NYG,RB,,,
2499,Kadarius Calloway,TB,RB,,,
2500,Al-Jay Henderson,KC,RB,,,
2501,Jacardia Wright,SEA,RB,,,
2502,Cash Jones,ATL,RB,,,
2503,Le'Veon Moss,MIA,RB,,,
2504,Dean Connors,LAR,RB,,,
2505,Brittain Brown,CHI,RB,,,
2506,Amar Johnson,LAC,RB,,,
2507,Kye Robichaux,DET,RB,,,
2508,Frank Gore Jr.,BUF,RB,,,
2509,Eli Heidenreich,PIT,RB,,,
2510,Sam Scott,NYJ,RB,,,
2511,Deion Hankins,CHI,RB,,,
2512,Trent Battle,ATL,RB,,,
2513,Brock Lampe,SEA,RB,,,
2514,Deneric Prince,NE,RB,,,
2515,Salvon Ahmed,CHI,RB,,,
2516,Kendall Milton,CIN,RB,,,
2517,ShunDerrick Powell,PHI,RB,,,
2518,Gary Brightwell,CIN,RB,,,
2519,Jaden Nixon,GB,RB,,,
2520,Jaydn Ott,KC,RB,,,
2521,Ian Wheeler,BUF,RB,,,
2522,Keaontay Ingram,KC,RB,,,
2523,Trent Howland,DEN,RB,,,
2524,Michael Wiley,TB,RB,,,
2525,Gregory Desrosiers,LAC,RB,,,
2526,Roydell Williams,IND,RB,,,
2527,Ja'Quinden Jackson,PHI,RB,,,
2528,Coleman Bennett,CHI,RB,,,
2529,Chip Trayanum,NYJ,RB,,,
2530,Jordan Nubin,DEN,RB,,,
2531,Owen Wright,HOU,RB,,,
2532,Ulysses Bentley IV,IND,RB,,,
2533,Jordan Waters,LAR,RB,,,
2534,Kalel Mullings,TEN,RB,,,
2535,Jordon Vaughn,IND,RB,,,
2536,Lew Nichols,PIT,RB,,,
2537,Kentrel Bullock,CIN,RB,,,
2538,Cody Schrader,DEN,RB,,,
2539,TJ Harden,SEA,RB,,,
2540,Chase Edmonds,WAS,RB,,,
2541,Kevorian Barnes,NYG,RB,,,
2542,Ben VanSumeren,BUF,RB,,,
2543,Jamal Haynes,CIN,RB,,,
2544,Donovan Edwards,MIA,RB,,,
2545,Montrell Johnson Jr.,CAR,RB,,,
2546,Blake Watson,TEN,RB,,,
2547,Davon Booth,CLE,RB,,,
2548,Josh Williams,TB,RB,,,
2549,Roman Hemby,LV,RB,,,
2550,Jackson Acker,BUF,RB,,,
2551,Grant Finley,NYG,RB,,,
2552,Miles Davis,CAR,RB,,,
2553,Jermar Jefferson,ARI,RB,,,
2554,Max Bredeson,MIN,RB,,,
2555,Joshua Pitsenberger,HOU,RB,,,
2556,Dontae McMillan,BAL,RB,,,
2557,Kejon Owens,MIN,RB,,,
2558,Isaiah Jacobs,GB,RB,,,
2559,Lincoln Pare,IND,RB,,,
2560,Israel Abanikanda,DAL,RB,,,
2561,Jashaun Corbin,DAL,RB,,,
2562,Dante Miller,NYG,RB,,,
2563,Nathan Carter,ATL,RB,,,
2564,Robert Henry Jr.,WAS,RB,,,
2565,J'Mari Taylor,JAX,RB,,,
2566,Jam Miller,NE,RB,,,
2567,Rodney Hammond Jr.,DEN,RB,,,
2568,Lan Larison,NE,RB,,,
2569,Terion Stewart,KC,RB,,,
2570,Noah Whittington,HOU,RB,,,
2571,Elijah Mitchell,PHI,RB,,,
2572,EJ Smith,KC,RB,,,
2573,Anderson Castle,IND,RB,,,
2574,Carlos Washington Jr.,MIA,RB,,,
2575,Ahmani Marshall,CLE,RB,,,
2576,Anthony Hankerson,MIA,RB,,,
2577,CJ Donaldson,NO,RB,,,
2578,Cade York,NYJ,K,,,
2579,Ronnie Bell,NO,WR,,,
2580,Quintin Morris,JAX,TE,,,
2581,Josiah Deguara,SF,TE,,,
2582,Jacob Cowing,SF,WR,,,
2583,Trenton Irwin,SF,WR,,,
2584,Ihmir Smith-Marsette,ARI,WR,,,
2585,Cody White,SEA,WR,,,
2586,Tyler Scott,LAR,WR,,,
2587,Tyrod Taylor,GB,QB,,,
2588,Brevyn Spann-Ford,DAL,TE,,,
2589,Bryce Ford-Wheaton,NYG,WR,,,
2590,Irv Charles,SEA,WR,,,
2591,Jha'Quan Jackson,HOU,WR,,,
2592,Jordan Mims,MIN,RB,,,
2593,Jack Stoll,CLE,TE,,,
2594,Drew Ogletree,IND,TE,,,
2595,Dante Pettis,BUF,WR,,,
2596,Pierre Strong Jr.,GB,RB,,,
2597,Efton Chism III,NE,WR,,,
2598,Charlie Woerner,ATL,TE,,,
2599,Michael Burton,CLE,RB,,,
2600,Gunner Olszewski,NYG,WR,,,
2601,Scotty Miller,CHI,WR,,,
2602,Kenny McIntosh,SEA,RB,,,
2603,Ameer Abdullah,JAX,RB,,,
2604,Ty Chandler,NO,RB,,,
2605,Jordan Whittington,LAR,WR,,,
2606,Xavier Smith,LAR,WR,,,
2607,Deuce Vaughn,DEN,RB,,,
2608,Zavier Scott,MIN,RB,,,
2609,Carson Steele,PHI,RB,,,
2610,Payne Durham,TB,TE,,,
2611,Dont'e Thornton Jr.,LV,WR,,,
2612,Lucas Krull,DEN,TE,,,
2613,Eric Saubert,SEA,TE,,,
2614,Brycen Tremayne,CAR,WR,,,
2615,Davis Mills,HOU,QB,,,
2616,David Martin-Robinson,TEN,TE,,,
2617,Tip Reiman,ARI,TE,,,
2618,Malachi Corley,CLE,WR,,,
2619,Kyle Juszczyk,SF,RB,,,
2620,Mason Tipton,NO,WR,,,
2621,Eric Gray,NYG,RB,,,
2622,Durham Smythe,BAL,TE,,,
2623,KeAndre Lambert-Smith,LAC,WR,,,
2624,Ben Yurosek,MIN,TE,,,
2625,Xavier Weaver,ARI,WR,,,
2626,Kylen Granson,TEN,TE,,,
2627,Bo Melton,GB,WR,,,
2628,Raheem Blackshear,DET,RB,,,
2629,Tucker Fisk,LAC,TE,,,
2630,Kansei Matsuzawa,LV,K,,,
2631,Lenny Krieg,ATL,K,,,
2632,Mason Shipley,NO,K,,,
2633,Maddux Trujillo,BUF,K,,,
2634,Lucas Havrisik,GB,K,,,
2635,Laith Marjan,PIT,K,,,
2636,Will Ferrin,NYJ,K,,,
2637,Ethan Sanchez,SF,K,,,
2638,Ben Sauls,NYG,K,,,
2639,Paul Geelen,DEN,K,,,
2640,Dominic Zvada,NYG,K,,,
2641,Chris Freeman,HOU,K,,,
2642,Drew Stevens,WAS,K,,,
2643,Luke Drzewiecki,BAL,K,,,
2644,Gabriel Plascencia,CHI,K,,,
2645,Tanner Brown,NO,K,,,
2646,B.T. Potter,TB,K,,,
2647,Chris Collier,LV,RB,,,
2648,Harrison Bryant,HOU,TE,,,
2649,Jamari Thrash,CLE,WR,,,
2650,Dylan Drummond,ATL,WR,,,
2651,Terrell Jennings,NE,RB,,,
2652,Carter Runyon,LV,TE,,,
2653,Ryan Miller,NYG,WR,,,
2654,Blake Whiteheart,CLE,TE,,,
2655,Tylan Wallace,CLE,WR,,,
2656,Austin Trammell,JAX,WR,,,
2657,Cameron Latu,PHI,TE,,,
2658,Raheem Mostert,LV,RB,,,
2659,Cedrick Wilson Jr.,DET,WR,,,
2660,Tom Kennedy,DET,WR,,,
2661,Beaux Collins,NYG,WR,,,
2662,Corey Kiner,ARI,RB,,,
2663,Braxton Berrios,NYG,WR,,,
2664,James Proche II,TEN,WR,,,
2665,Arian Smith,NYJ,WR,,,
2666,Skyy Moore,GB,WR,,,
2667,Colson Yankoff,WAS,TE,,,
2668,Gage Larvadain,CLE,WR,,,
2669,Jalen Brooks,ARI,WR,,,
2670,Tyler Huntley,BAL,QB,,,
2671,Andrew Beck,NYJ,RB,,,
2672,Anthony Richardson Sr.,IND,QB,,,
2673,Feleipe Franks,CAR,TE,,,
2674,Andre Baccellia,ARI,WR,,,
2675,Brayden Willis,SF,TE,,,
2676,Hunter Luepke,DAL,RB,,,
2677,Jake Bobo,SEA,WR,,,
2678,Jalin Hyatt,NYG,WR,,,
2679,Tyler Badie,DEN,RB,,,
2680,Tai Felton,MIN,WR,,,
2681,Ben Skowronek,PIT,WR,,,
2682,Mason Kinsey,TEN,WR,,,
2683,Scott Matlock,LAC,RB,,,
2684,Trent Sherfield,BUF,WR,,,
2685,KhaDarel Hodge,SF,WR,,,
2686,Zamir White,LV,RB,,,
2687,Jonathan Mingo,DAL,WR,,,
2688,Quinn Ewers,MIA,QB,,,
2689,Connor Heyward,LV,RB,,,
2690,Kameron Johnson,TB,WR,,,
2691,Deven Thompkins,LV,WR,,,
2692,AJ Dillon,CAR,RB,,,
2693,Dee Eskridge,MIA,WR,,,
2694,Velus Jones Jr.,SEA,"WR,RB",,,
2695,Britain Covey,PHI,WR,,,
2696,Jack Westover,NE,"RB,TE",,,
2697,Laquon Treadwell,IND,WR,,,
2698,Ke'Shawn Williams,CIN,WR,,,
2699,Dare Ogunbowale,LV,RB,,,
2700,Dareke Young,LV,WR,,,
2701,Kene Nwangwu,NYJ,RB,,,
2702,LaJohntay Wester,BAL,WR,,,
2703,Jameis Winston,NYG,QB,,,
2704,Charlie Jones,CIN,WR,,,
2705,Derius Davis,LAC,WR,,,
2706,Evan Hull,ARI,RB,,,
2707,British Brooks,HOU,RB,,,
2708,Simi Fehoko,ARI,WR,,,
2709,Nikko Remigio,KC,WR,,,
2710,Trayveon Williams,CLE,RB,,,
2711,Devin Duvernay,ARI,WR,,,
2712,Dameon Pierce,PHI,RB,,,
2713,Khalil Herbert,SF,RB,,,
2714,Myles Price,MIN,WR,,,
2715,Drew Lock,SEA,QB,,,
2716,Alex Bachman,LV,WR,,,
2717,Alec Ingold,LAC,RB,,,
2718,Roschon Johnson,CHI,RB,,,
2719,Anthony Gould,IND,WR,,,
2720,DeAndre Carter,CLE,WR,,,
2721,Rasheen Ali,BAL,RB,,,
2722,Will Levis,TEN,QB,,,
2723,Aidan O'Connell,LV,QB,,,
2724,Isaac Guerendo,SF,RB,,,
2725,Ronnie Rivers,LAR,RB,,,
2726,Brady Russell,SEA,"RB,TE",,,
2727,Hassan Haskins,LAC,RB,,,
2728,Will Shipley,PHI,RB,,,
2729,Tyler Goodson,ATL,RB,,,
2730,Xavier Gipson,NYG,WR,,,
2731,Jacob Saylors,DET,RB,,,
2732,Adam Prentice,DEN,RB,,,
2733,Patrick Ricard,NYG,RB,,,
2734,DeeJay Dallas,JAX,RB,,,
2735,Dillon Gabriel,CLE,QB,,,
2736,Hunter Dekkers,NO,QB,,,
2737,Brett Rypien,MIN,QB,,,
2738,Sam Hartman,WAS,QB,,,
2739,Taylen Green,CLE,QB,,,
2740,Matthew Caldwell,LAR,QB,,,
2741,Adrian Martinez,SF,QB,,,
2742,Kedon Slovis,ARI,QB,,,
2743,Jeff Driskel,WAS,QB,,,
2744,Jake Retzlaff,SEA,QB,,,
2745,Kyle McCord,GB,QB,,,
2746,Will Howard,PIT,QB,,,
2747,Athan Kaliakmanis,WAS,QB,,,
2748,Cole Payton,PHI,QB,,,
2749,Stetson Bennett IV,LAR,QB,,,
2750,Kyle Allen,BUF,QB,,,
2751,John Wolford,MIN,QB,,,
2752,Drew Allar,PIT,QB,,,
2753,Miller Moss,CHI,QB,,,
2754,Carter Bradley,JAX,QB,,,
2755,Mark Gronowski,MIA,QB,,,
2756,Chandler Morris,TB,QB,,,
2757,Garrett Nussmeier,KC,QB,,,
2758,Tommy DeVito,NE,QB,,,
2759,Shane Buechele,BUF,QB,,,
2760,Joe Fagnano,BAL,QB,,,
2761,Ken Seals,KC,QB,,,
2762,Ty Simpson,LAR,QB,,,
2763,Jacob Clark,LV,QB,,,
2764,Kurtis Rourke,SF,QB,,,
2765,Case Keenum,CHI,QB,,,
2766,Cade Klubnik,NYJ,QB,,,
2767,Sam Howell,DAL,QB,,,
2768,Joey Aguilar,JAX,QB,,,
2769,Haynes King,CAR,QB,,,
2770,DJ Uiagalelei,LAC,QB,,,
2771,Jack Strand,ATL,QB,,,
2772,Trevor Siemian,TEN,QB,,,
2773,Bailey Zappe,NYJ,QB,,,
2774,Will Grier,DAL,QB,,,
2775,Hendon Hooker,TEN,QB,,,
2776,Easton Stick,IND,QB,,,
2777,Graham Mertz,HOU,QB,,,
2778,Luke Altmyer,DET,QB,,,
2779,Teddy Bridgewater,TB,QB,,,
2780,Chris Oladokun,KC,QB,,,
2781,Sam Ehlinger,DEN,QB,,,
2782,Sean Clifford,CIN,QB,,,
2783,Brandon Allen,NYG,QB,,,
2784,Kyle Trask,CAR,QB,,,
2785,Diego Pavia,BAL,QB,,,
2786,Behren Morton,NE,QB,,,
2787,Sawyer Robertson,LV,QB,,,
2788,E.J. Warner,DEN,QB,,,
2789,Jarrett Stidham,DEN,QB,,,
2790,Skylar Thompson,BAL,QB,,,
2791,Cam Miller,MIA,QB,,,
2792,Jalon Daniels,TB,QB,,,
2793,Kyron Drones,GB,QB,,,
2794,Nathan Peterman,ATL,QB,,,
2795,Seth Henigan,IND,QB,,,
2796,Kaidon Salter,TEN,QB,,,
2797,Connor Bazelak,TB,QB,,,
2798,Brady Cook,NYJ,QB,,,
2799,Julius Chestnut,TEN,RB,,,
2800,Reggie Gilliam,NE,RB,,,
2801,Travis Homer,PIT,RB,,,
2802,Dylan Laube,LV,RB,,,
2803,Desmond Ridder,GB,QB,,,
2804,Riley Leonard,IND,QB,,,
2805,Mitchell Trubisky,TEN,QB,,,
2806,Jake Haener,NO,QB,,,
2807,Josh Johnson,CIN,QB,,,
2808,Tyson Bagent,CHI,QB,,,
2809,Clayton Tune,GB,QB,,,
2810,Mason Rudolph,PIT,QB,,,
2811,Tanner McKee,PHI,QB,,,
2812,Andy Dalton,PHI,QB,,,
2813,Joe Milton III,DAL,QB,,,
2814,Trey Lance,LAC,QB,,,
2815,Cooper Rush,ATL,QB,,,
2816,Max Brosmer,MIN,QB,,,
2817,Kenny Pickett,CAR,QB,,,
2818,Gardner Minshew II,ARI,QB,,,
2819,Joshua Dobbs,DET,QB,,,
2820,Zach Wilson,NO,QB,,,
2821,Jimmy Garoppolo,LAR,QB,,,
2822,Jalen Milroe,SEA,QB,,,
2823,Nick Mullens,JAX,QB,,,